2026-03-11, 20:46:34, 24000000, 26798722, 87460.06, 256, -19.48, -18.65, -17.47, -15.28, -14.15, -13.15, -12.24, -11.91, -11.92, -12.37, -12.12, -11.72, -11.97, -12.47, -11.84, -11.52, -12.51, -12.51, -12.16, -11.77, -12.31, -13.14, -12.75, -12.33, -12.42, -12.79, -12.40, -12.25, -13.65, -15.02, -16.18, -17.70, -17.70
2026-03-11, 20:46:34, 26798722, 29597444, 87460.06, 256, -18.29, -18.11, -17.15, -15.69, -13.64, -13.09, -13.11, -12.53, -11.84, -11.71, -12.70, -11.95, -11.18, -10.76, -10.84, -10.67, -9.35, -9.35, -10.41, -10.24, -9.58, -9.38, -10.03, -8.60, -9.20, -9.34, -10.21, -10.96, -11.42, -12.79, -15.43, -17.80, -17.80
2026-03-11, 20:46:34, 29597444, 32396166, 87460.06, 256, -18.31, -16.50, -14.34, -12.91, -12.91, -12.09, -11.59, -12.09, -12.55, -12.82, -12.83, -13.16, -13.44, -13.49, -12.95, -13.28, -13.87, -13.87, -13.67, -14.42, -15.09, -14.75, -14.58, -14.95, -15.81, -15.21, -15.91, -15.65, -17.71, -17.36, -19.13, -19.09, -19.09
2026-03-11, 20:46:34, 32396166, 35194888, 87460.06, 256, -21.15, -20.06, -18.00, -16.72, -15.45, -13.93, -13.62, -14.01, -13.38, -12.94, -13.11, -13.37, -12.86, -12.16, -12.26, -13.09, -11.94, -11.94, -12.53, -13.41, -13.29, -13.17, -13.51, -14.01, -13.85, -14.01, -14.80, -15.98, -16.52, -18.32, -19.80, -20.92, -20.92
2026-03-11, 20:46:34, 35194888, 37993610, 87460.06, 256, -24.32, -23.28, -20.96, -19.76, -19.09, -18.49, -18.05, -17.45, -17.92, -17.66, -17.81, -18.13, -17.90, -18.03, -17.61, -18.16, -17.97, -17.97, -17.85, -17.79, -18.30, -17.96, -18.60, -17.92, -18.12, -18.11, -17.95, -18.88, -18.70, -20.18, -22.05, -23.74, -23.74
2026-03-11, 20:46:34, 37993610, 40792332, 87460.06, 256, -23.55, -22.80, -21.88, -20.69, -19.39, -18.02, -18.02, -18.06, -18.29, -18.03, -18.37, -18.57, -17.97, -18.24, -17.89, -17.85, -17.59, -17.59, -17.22, -17.63, -17.94, -17.92, -17.39, -15.83, -17.36, -16.96, -17.03, -18.06, -18.30, -18.99, -19.95, -22.36, -22.36
2026-03-11, 20:46:34, 40792332, 43591054, 87460.06, 256, -17.24, -19.21, -19.69, -18.60, -16.61, -15.54, -14.71, -13.86, -13.98, -13.81, -13.36, -12.48, -11.95, -11.88, -10.96, -10.44, -10.94, -10.94, -10.46, -9.50, -10.47, -10.92, -10.36, -9.54, -9.71, -10.51, -9.85, -9.52, -10.27, -12.24, -13.85, -14.79, -14.79
2026-03-11, 20:46:34, 43591054, 46389776, 87460.06, 256, -16.01, -15.07, -13.22, -11.85, -10.33, -8.92, -8.70, -8.84, -8.32, -7.98, -8.71, -8.92, -8.65, -8.21, -8.32, -8.57, -7.92, -7.92, -8.76, -9.46, -9.31, -8.89, -9.17, -9.90, -9.21, -9.21, -9.63, -10.26, -10.63, -11.70, -13.61, -16.00, -16.00
2026-03-11, 20:46:34, 46389776, 49188498, 87460.06, 256, -17.21, -15.37, -13.63, -11.86, -10.38, -9.18, -9.27, -9.27, -9.13, -9.13, -9.55, -9.88, -9.61, -8.90, -9.35, -9.65, -9.42, -9.42, -9.22, -10.78, -10.82, -10.63, -11.27, -11.77, -11.48, -11.47, -12.24, -12.76, -13.60, -14.85, -16.98, -18.15, -18.15
2026-03-11, 20:46:34, 49188498, 51987220, 87460.06, 256, -18.24, -17.17, -15.85, -15.37, -14.22, -13.26, -13.48, -13.54, -13.79, -13.56, -13.78, -14.15, -13.15, -12.73, -13.27, -12.51, -12.44, -12.44, -12.87, -12.94, -13.22, -13.34, -13.36, -13.43, -13.28, -13.05, -12.81, -13.17, -13.90, -15.25, -15.57, -17.46, -17.46
2026-03-11, 20:46:34, 51987220, 54785942, 87460.06, 256, -18.83, -16.74, -14.29, -12.09, -10.88, -10.28, -10.39, -10.18, -9.46, -10.34, -11.01, -10.78, -10.54, -11.13, -11.84, -11.30, -12.04, -12.04, -12.68, -12.72, -12.69, -13.20, -13.78, -13.58, -13.67, -14.42, -14.76, -14.63, -15.83, -17.14, -19.24, -18.75, -18.75
2026-03-11, 20:46:34, 54785942, 57584664, 87460.06, 256, -17.55, -17.87, -16.44, -14.74, -12.71, -12.47, -12.62, -12.29, -11.71, -12.22, -13.06, -12.90, -12.56, -12.59, -13.16, -12.92, -13.06, -13.06, -14.00, -13.51, -13.19, -14.20, -14.32, -13.75, -13.57, -14.34, -14.96, -14.89, -15.97, -17.83, -19.63, -19.48, -19.48
2026-03-11, 20:46:34, 57584664, 60383386, 87460.06, 256, -16.74, -19.72, -17.96, -16.31, -14.41, -14.43, -13.73, -13.66, -13.45, -13.82, -13.70, -13.29, -13.38, -13.63, -13.53, -13.28, -12.87, -12.87, -13.27, -13.03, -12.95, -13.08, -13.29, -13.19, -12.76, -13.10, -13.31, -13.61, -13.63, -15.88, -17.45, -19.31, -19.31
2026-03-11, 20:46:34, 60383386, 63182108, 87460.06, 256, -20.23, -17.93, -15.54, -14.53, -13.79, -12.74, -11.98, -12.30, -12.84, -12.56, -12.61, -13.00, -13.27, -12.83, -12.80, -12.93, -13.51, -13.51, -14.02, -14.67, -14.82, -15.60, -15.66, -15.62, -15.67, -15.68, -16.29, -16.80, -17.80, -18.66, -20.08, -21.18, -21.18
2026-03-11, 20:46:34, 63182108, 65980830, 87460.06, 256, -19.81, -20.51, -18.82, -18.06, -15.91, -14.75, -14.23, -13.42, -13.30, -13.17, -12.61, -12.46, -11.88, -11.98, -11.43, -11.18, -11.09, -11.09, -11.27, -11.17, -11.46, -11.53, -11.79, -11.74, -11.75, -11.16, -12.34, -12.31, -13.40, -14.56, -16.12, -17.25, -17.25
2026-03-11, 20:46:34, 65980830, 68779552, 87460.06, 256, -21.26, -19.47, -17.28, -15.80, -14.09, -13.20, -12.67, -13.35, -12.81, -12.49, -13.07, -12.82, -12.46, -11.58, -11.91, -11.71, -11.82, -11.82, -11.78, -12.17, -12.19, -12.27, -12.76, -12.68, -13.41, -12.67, -13.54, -14.63, -15.81, -17.27, -19.60, -21.09, -21.09
2026-03-11, 20:46:34, 68779552, 71578274, 87460.06, 256, -20.74, -16.68, -12.47, -18.92, -19.23, -17.39, -16.63, -15.72, -15.45, -15.29, -14.41, -14.21, -13.32, -13.27, -12.89, -12.65, -12.46, -12.46, -12.55, -12.49, -12.45, -12.83, -12.84, -13.00, -12.74, -12.99, -13.18, -13.73, -14.65, -16.00, -17.41, -19.64, -19.64
2026-03-11, 20:46:34, 71578274, 74376996, 87460.06, 256, -18.50, -17.84, -14.69, -12.17, -5.22, -9.70, -11.97, -11.77, -12.39, -12.63, -12.62, -11.51, -12.15, -12.33, -11.50, -10.83, -11.51, -11.51, -11.23, -11.35, -11.85, -11.42, -11.27, -11.30, -11.54, -11.28, -11.92, -11.71, -13.32, -14.97, -16.51, -17.60, -17.60
2026-03-11, 20:46:34, 74376996, 77175718, 87460.06, 256, -20.31, -18.23, -17.29, -15.03, -14.42, -13.18, -13.31, -12.72, -12.71, -12.26, -12.35, -12.76, -12.39, -12.39, -12.36, -12.46, -12.01, -12.01, -12.25, -12.40, -12.27, -12.19, -12.35, -12.85, -12.71, -12.99, -13.13, -12.81, -13.84, -14.92, -17.16, -18.77, -18.77
2026-03-11, 20:46:34, 77175718, 79974440, 87460.06, 256, -18.64, -18.78, -17.55, -15.77, -14.34, -13.36, -13.06, -12.80, -12.22, -12.62, -12.65, -12.50, -12.10, -11.77, -11.46, -11.96, -11.61, -11.61, -12.31, -11.59, -10.96, -12.30, -12.21, -11.78, -11.72, -12.12, -11.37, -12.04, -12.95, -15.01, -16.30, -17.15, -17.15
2026-03-11, 20:46:34, 79974440, 82773162, 87460.06, 256, -14.59, -13.81, -13.09, -11.31, -10.52, -9.38, -8.89, -7.32, -5.88, -2.94, nan, nan, -2.52, -5.13, -7.13, -7.38, -8.17, -8.17, -7.93, -8.43, -8.37, -8.89, -7.61, -8.73, -8.68, -8.86, -9.05, -9.13, -8.71, -6.93, -11.77, -13.47, -13.47
2026-03-11, 20:46:34, 82773162, 85571884, 87460.06, 256, -18.71, -16.53, -15.66, -14.23, -11.72, -11.29, -10.57, -10.98, -10.40, -10.66, -10.69, -10.89, -10.08, -10.08, -9.06, -10.17, -10.60, -10.60, -11.15, -11.12, -11.04, -11.44, -11.18, -11.37, -11.85, -11.63, -12.17, -12.51, -13.16, -13.96, -16.22, -17.48, -17.48
2026-03-11, 20:46:34, 85571884, 88370606, 87460.06, 256, -17.97, -17.10, -14.88, -12.80, -12.18, -11.54, -11.04, -10.06, -8.71, -1.41, -2.56, -8.52, -10.04, -11.31, -11.02, -11.28, -11.00, -11.00, -11.59, -11.78, -12.03, -12.39, -12.36, -12.08, -12.44, -12.66, -12.31, -11.88, -11.74, -14.20, -16.24, -17.33, -17.33
2026-03-11, 20:46:34, 88370606, 91169328, 87460.06, 256, -18.32, -17.43, -16.15, -13.92, -12.79, -12.39, -10.83, -11.34, -11.55, -12.11, -11.41, -11.32, -11.64, -11.18, -11.63, -11.69, -7.73, -7.73, -10.70, -11.28, -11.74, -12.26, -11.63, -11.37, -11.47, -11.38, -11.37, -12.48, -12.87, -14.25, -15.69, -17.42, -17.42
2026-03-11, 20:46:34, 91169328, 93968050, 87460.06, 256, -19.35, -18.03, -16.16, -14.72, -13.58, -13.28, -12.82, -12.71, -12.66, -12.36, -12.94, -12.50, -12.68, -12.19, -12.73, -11.88, -12.12, -12.12, -12.27, -12.65, -12.93, -13.19, -12.78, -12.62, -12.34, -12.75, -13.04, -13.39, -12.85, -11.09, -16.79, -18.52, -18.52
2026-03-11, 20:46:34, 93968050, 96766772, 87460.06, 256, -13.83, -13.75, -11.39, -3.33, -6.67, -9.83, -10.99, -11.95, -11.49, -11.43, -11.45, -11.06, -10.77, -10.97, -10.10, -9.33, -8.41, -8.41, -7.06, -4.69, -1.48, nan, -1.10, 2.10, -3.45, -6.21, -8.12, -9.03, -10.37, -11.52, -12.88, -8.15, -8.15
2026-03-11, 20:46:34, 96766772, 99565494, 87460.06, 256, -18.53, -17.85, -16.31, -14.89, -13.33, -12.06, -11.56, -11.08, -11.81, -11.82, -11.88, -12.08, -11.59, -11.04, -10.88, -10.85, -11.07, -11.07, -11.41, -11.00, -10.03, -11.56, -11.24, -10.12, -1.40, -7.21, -11.05, -12.08, -13.12, -14.97, -16.36, -14.72, -14.72
2026-03-11, 20:46:34, 99565494, 102364216, 87460.06, 256, -20.18, -18.93, -17.28, -15.60, -15.02, -13.38, -13.41, -13.07, -13.27, -13.49, -13.05, -13.89, -12.81, -13.49, -11.54, -13.58, -13.57, -13.57, -13.50, -13.45, -13.88, -13.94, -14.14, -14.38, -14.01, -14.76, -13.90, -13.97, -15.76, -17.80, -19.10, -20.50, -20.50
2026-03-11, 20:46:34, 102364216, 105162938, 87460.06, 256, -22.57, -22.07, -19.50, -17.61, -17.02, -16.36, -16.49, -15.90, -15.26, -16.07, -16.02, -15.96, -16.00, -15.69, -15.95, -14.99, -14.87, -14.87, -15.31, -15.83, -15.81, -15.44, -16.04, -16.13, -16.15, -16.59, -16.63, -17.10, -17.36, -18.89, -21.36, -22.60, -22.60
2026-03-11, 20:46:34, 105162938, 107961660, 87460.06, 256, -21.16, -20.61, -19.47, -17.77, -16.73, -15.75, -14.93, -14.01, -13.30, -10.36, -1.34, 2.78, -9.45, -12.38, -13.41, -13.54, -14.53, -14.53, -15.44, -15.07, -14.97, -15.51, -15.82, -15.24, -15.45, -15.72, -16.20, -16.21, -16.22, -13.84, -16.78, -19.53, -19.53
2026-03-11, 20:46:34, 107961660, 110760382, 87460.06, 256, -24.44, -23.57, -21.56, -19.57, -18.46, -17.35, -16.54, -16.74, -16.45, -16.72, -16.29, -16.19, -16.21, -16.20, -15.25, -15.08, -15.12, -15.12, -16.15, -15.48, -16.42, -16.66, -16.67, -16.49, -16.35, -17.07, -17.13, -17.98, -18.58, -19.82, -22.27, -23.79, -23.79
2026-03-11, 20:46:34, 110760382, 113559104, 87460.06, 256, -25.21, -23.94, -22.06, -20.64, -19.79, -18.63, -18.24, -17.87, -18.01, -17.75, -18.03, -17.39, -18.47, -17.65, -17.69, -17.46, -17.51, -17.51, -17.51, -18.36, -18.46, -17.89, -18.51, -18.51, -18.94, -18.86, -18.82, -18.87, -20.17, -21.11, -23.04, -24.76, -24.76
2026-03-11, 20:46:34, 113559104, 116357826, 87460.06, 256, -24.17, -24.16, -22.71, -21.52, -19.78, -19.71, -19.22, -19.31, -19.46, -19.62, -19.45, -19.19, -19.00, -19.59, -19.08, -19.14, -17.48, -17.48, -13.32, -3.91, -16.23, -19.54, -20.54, -20.87, -21.24, -20.70, -21.65, -21.89, -22.29, -23.37, -25.02, -25.91, -25.91
2026-03-11, 20:46:34, 116357826, 119156548, 87460.06, 256, -23.20, -24.36, -23.47, -22.30, -20.71, -20.21, -19.51, -18.80, -18.53, -18.13, -18.37, -17.57, -17.62, -17.15, -16.58, -16.33, -15.93, -15.93, -15.80, -15.79, -15.39, -15.87, -15.87, -15.09, -14.71, -15.02, -15.54, -15.40, -15.81, -17.59, -19.64, -21.31, -21.31
2026-03-11, 20:46:34, 119156548, 121955270, 87460.06, 256, -21.21, -20.34, -18.46, -16.62, -15.50, -14.75, -14.18, -13.28, -12.72, -9.21, -4.88, -12.95, -13.46, -13.90, -14.28, -14.47, -14.32, -14.32, -14.38, -15.12, -15.44, -15.34, -15.58, -15.16, -15.64, -15.12, -15.52, -15.76, -15.65, -17.28, -19.05, -20.84, -20.84
2026-03-11, 20:46:34, 121955270, 124753992, 87460.06, 256, -20.83, -20.85, -19.71, -18.23, -16.65, -15.51, -15.48, -15.36, -15.37, -14.43, -15.31, -15.40, -14.56, -14.22, -14.06, -14.46, -13.56, -13.56, -13.62, -14.88, -14.63, -13.79, -13.81, -13.89, -14.09, -13.40, -13.45, -14.36, -15.48, -15.97, -17.27, -18.87, -18.87
2026-03-11, 20:46:34, 124753992, 127552714, 87460.06, 256, -19.98, -19.28, -17.57, -14.42, -15.06, -14.11, -13.71, -13.65, -13.74, -13.25, -13.45, -13.64, -13.66, -13.24, -12.80, -12.86, -12.85, -12.85, -12.76, -13.23, -13.26, -13.33, -12.99, -12.68, -13.00, -12.73, -12.73, -13.14, -13.90, -15.37, -17.03, -19.06, -19.06
2026-03-11, 20:46:34, 127552714, 130351436, 87460.06, 256, -18.38, -18.28, -17.17, -15.50, -14.31, -13.08, -12.97, -12.82, -12.61, -12.73, -12.69, -13.18, -12.75, -12.41, -11.87, -12.05, -11.40, -11.40, -11.55, -11.67, -12.49, -11.88, -11.45, -11.19, -11.82, -11.55, -11.40, -12.33, -13.32, -14.26, -15.23, -17.67, -17.67
2026-03-11, 20:46:34, 130351436, 133150158, 87460.06, 256, -17.08, -16.48, -15.62, -14.47, -13.40, -11.87, -11.02, -11.66, -11.64, -11.02, -11.40, -11.19, -11.42, -11.24, -10.44, -10.41, -10.12, -10.12, -10.26, -10.66, -10.84, -11.00, -10.75, -10.45, -10.32, -9.90, -10.40, -10.56, -11.57, -12.46, -14.02, -15.50, -15.50
2026-03-11, 20:46:34, 133150158, 135948880, 87460.06, 256, -15.56, -14.34, -12.36, -9.85, -8.83, -7.40, -7.12, -6.54, -6.36, -6.04, -5.66, -5.37, -5.52, -4.69, -5.24, -4.62, -5.42, -5.42, -5.30, -6.24, -6.21, -6.99, -7.34, -7.56, -7.77, -7.81, -8.39, -8.99, -10.12, -11.34, -13.62, -14.49, -14.49
2026-03-11, 20:46:34, 135948880, 138747602, 87460.06, 256, -18.76, -16.97, -15.46, -14.31, -12.68, -11.96, -11.40, -11.14, -11.63, -12.04, -11.96, -11.65, -12.17, -12.00, -11.61, -11.93, -12.41, -12.41, -12.25, -13.39, -12.47, -13.13, -13.34, -13.57, -13.51, -13.62, -13.93, -14.27, -15.41, -16.41, -18.07, -19.60, -19.60
2026-03-11, 20:46:34, 138747602, 141546324, 87460.06, 256, -18.47, -16.72, -13.68, -7.50, -0.74, -11.43, -13.07, -13.54, -14.23, -13.66, -13.61, -14.24, -14.89, -14.33, -13.84, -14.25, -13.95, -13.95, -14.17, -14.78, -15.13, -14.37, -12.99, -12.79, -13.67, -14.98, -15.33, -15.84, -16.30, -17.86, -18.69, -19.43, -19.43
2026-03-11, 20:46:34, 141546324, 144345046, 87460.06, 256, -23.00, -22.17, -20.24, -19.47, -17.30, -16.44, -15.43, -16.93, -16.11, -15.05, -15.29, -16.60, -16.35, -16.17, -16.57, -16.42, -15.67, -15.67, -15.89, -16.56, -16.42, -16.91, -16.44, -16.83, -16.04, -16.64, -16.34, -16.74, 0.06, -17.79, -20.57, -22.55, -22.55
2026-03-11, 20:46:34, 144345046, 147143768, 87460.06, 256, -23.37, -23.26, -21.62, -19.76, -18.63, -17.31, -16.91, -17.08, -17.27, -16.74, -17.12, -16.99, -17.30, -16.81, -17.18, -16.73, -16.61, -16.61, -16.59, -17.05, -17.83, -17.58, -17.48, -17.17, -17.36, -17.65, -17.33, -17.18, -15.62, -18.84, -21.85, -23.21, -23.21
2026-03-11, 20:46:34, 147143768, 149942490, 87460.06, 256, -24.14, -23.34, -21.78, -19.76, -18.90, -18.07, -17.42, -17.89, -16.95, -17.40, -17.42, -17.69, -17.42, -17.44, -17.33, -17.22, -16.94, -16.94, -17.27, -17.33, -17.29, -17.61, -17.66, -17.41, -17.47, -17.14, -17.80, -18.27, -19.09, -20.09, -21.63, -23.04, -23.04
2026-03-11, 20:46:34, 149942490, 152741212, 87460.06, 256, -25.19, -24.48, -22.85, -21.26, -19.89, -18.28, -18.25, -18.18, -18.20, -18.52, -18.51, -18.22, -17.62, -18.27, -17.74, -18.04, -17.96, -17.96, -18.04, -17.87, -18.24, -18.87, -18.19, -18.50, -18.35, -18.52, -18.59, -19.32, -20.12, -21.08, -22.65, -24.60, -24.60
2026-03-11, 20:46:34, 152741212, 155539934, 87460.06, 256, -24.43, -21.15, -21.01, -20.50, -19.22, -18.34, -17.20, -17.27, -17.48, -17.94, -16.89, -17.47, -17.69, -17.58, -17.30, -17.37, -17.17, -17.17, -17.14, -17.69, -17.52, -18.03, -18.04, -17.79, -17.91, -17.73, -17.86, -18.37, -19.58, -20.34, -22.40, -24.08, -24.08
2026-03-11, 20:46:34, 155539934, 158338656, 87460.06, 256, -23.50, -22.54, -21.95, -20.12, -18.17, -17.22, -17.34, -17.46, -17.22, -17.04, -17.22, -16.97, -16.39, -16.30, -16.29, -15.96, -15.49, -15.49, -16.18, -15.55, -15.59, -16.45, -16.58, -16.34, -15.85, -15.86, -15.76, -16.59, -17.69, -18.79, -20.42, -22.83, -22.83
2026-03-11, 20:46:34, 158338656, 161137378, 87460.06, 256, -22.19, -19.64, -19.59, -18.05, -16.56, -14.37, -14.86, -15.61, -15.20, -15.37, -14.82, -15.15, -15.18, -14.96, -14.17, -13.68, -14.20, -14.20, -14.06, -13.20, -14.60, -14.61, -14.57, -13.99, -14.18, -14.68, -14.76, -14.63, -15.82, -16.92, -16.30, -19.11, -19.11
2026-03-11, 20:46:34, 161137378, 163936100, 87460.06, 256, -20.53, -20.05, -18.72, -17.08, -16.11, -14.82, -14.04, -13.89, -13.83, -14.25, -14.59, -14.37, -13.69, -13.61, -13.50, -13.47, -13.10, -13.10, -13.19, -13.41, -13.59, -14.15, -13.89, -13.13, -13.18, -13.40, -11.74, -11.61, -15.12, -16.55, -17.49, -19.62, -19.62
2026-03-11, 20:46:34, 163936100, 166734822, 87460.06, 256, -20.57, -19.76, -17.94, -16.26, -15.18, -14.00, -13.96, -13.72, -13.41, -12.62, -12.21, -13.12, -13.12, -12.54, -12.29, -10.68, -5.33, -5.33, -10.99, -12.30, -13.15, -12.88, -13.41, -13.08, -13.23, -13.32, -13.06, -13.77, -15.16, -15.90, -17.17, -18.91, -18.91
2026-03-11, 20:46:34, 166734822, 169533544, 87460.06, 256, -19.59, -19.19, -16.91, -15.77, -14.66, -13.41, -13.71, -12.74, -12.83, -12.96, -13.41, -13.38, -12.64, -13.02, -12.03, -11.82, -12.62, -12.62, -12.79, -12.69, -13.03, -12.97, -13.15, -12.72, -12.83, -12.72, -12.96, -13.04, -13.88, -15.42, -17.06, -18.87, -18.87
2026-03-11, 20:46:34, 169533544, 172332266, 87460.06, 256, -18.55, -18.71, -17.00, -15.67, -14.77, -13.42, -12.79, -12.39, -12.64, -11.98, -12.05, -12.42, -11.48, -12.32, -11.66, -11.20, -11.05, -11.05, -10.24, -10.57, -11.29, -11.04, -10.38, -9.97, -9.67, -10.47, -10.22, -10.99, -11.92, -12.81, -13.86, -15.88, -15.88
2026-03-11, 20:46:34, 172332266, 175130988, 87460.06, 256, -16.81, -16.43, -15.05, -13.13, -10.78, -7.43, -8.73, -9.86, -10.47, -10.36, -9.99, -10.23, -9.88, -9.53, -9.56, -9.72, -8.85, -8.85, -8.86, -8.79, -9.23, -9.34, -9.22, -8.74, -8.53, -8.86, -8.75, -9.65, -10.18, -11.02, -13.08, -15.08, -15.08
2026-03-11, 20:46:34, 175130988, 177929710, 87460.06, 256, -16.12, -15.18, -13.42, -11.36, -10.70, -9.35, -8.98, -8.91, -8.80, -8.54, -9.01, -8.65, -8.73, -8.30, -8.41, -7.97, -8.50, -8.50, -8.51, -8.53, -8.64, -8.87, -8.73, -8.73, -8.61, -8.81, -8.83, -9.54, -10.51, -11.44, -12.86, -15.58, -15.58
2026-03-11, 20:46:34, 177929710, 180728432, 87460.06, 256, -16.70, -15.17, -13.83, -12.55, -11.14, -10.29, -9.93, -9.91, -9.89, -9.28, -10.09, -9.87, -9.71, -9.52, -9.45, -9.22, -9.58, -9.58, -9.69, -10.02, -9.91, -10.47, -10.39, -8.67, -7.48, -10.39, -10.99, -11.44, -12.20, -13.25, -14.87, -16.20, -16.20
2026-03-11, 20:46:34, 180728432, 183527154, 87460.06, 256, -17.68, -16.79, -15.35, -13.34, -12.49, -11.42, -11.27, -11.19, -10.92, -10.21, -10.71, -10.63, -10.80, -11.03, -10.75, -10.48, -10.12, -10.12, -10.61, -10.82, -10.56, -11.22, -10.37, -10.78, -10.65, -10.70, -11.32, -11.67, -12.70, -14.10, -15.66, -17.50, -17.50
2026-03-11, 20:46:34, 183527154, 186325876, 87460.06, 256, -18.15, -17.09, -15.09, -13.33, -12.28, -11.40, -11.34, -11.18, -10.92, -11.24, -11.56, -11.32, -11.38, -10.89, -10.77, -10.48, -10.41, -10.41, -10.53, -10.78, -10.78, -11.61, -11.33, -11.29, -11.21, -11.03, -11.43, -12.16, -12.73, -14.01, -15.82, -16.84, -16.84
2026-03-11, 20:46:34, 186325876, 189124598, 87460.06, 256, -17.23, -16.34, -14.56, -13.54, -12.36, -11.17, -10.71, -10.65, -10.23, -10.63, -7.49, -10.62, -10.09, -9.91, -10.44, -9.58, -10.00, -10.00, -9.61, -10.64, -10.73, -10.97, -10.13, -10.31, -11.33, -10.64, -11.11, -11.55, -12.42, -13.71, -14.78, -16.33, -16.33
2026-03-11, 20:46:34, 189124598, 191923320, 87460.06, 256, -17.48, -16.38, -14.87, -12.96, -11.84, -11.25, -10.57, -10.42, -9.87, -10.70, -10.53, -10.02, -9.86, -9.59, -9.73, -8.35, -1.58, -1.58, -2.21, -7.06, -9.42, -10.04, -10.69, -10.23, -11.10, -10.73, -11.39, -11.74, -12.80, -13.60, -14.51, -16.39, -16.39
2026-03-11, 20:46:34, 191923320, 194722042, 87460.06, 256, -17.81, -16.72, -15.39, -13.66, -12.06, -11.53, -11.19, -10.90, -10.62, -11.29, -10.62, -11.20, -11.42, -11.35, -11.19, -10.50, -11.28, -11.28, -10.80, -11.73, -11.58, -11.83, -12.34, -12.12, -11.93, -12.50, -12.83, -12.54, -13.52, -15.15, -16.69, -17.78, -17.78
2026-03-11, 20:46:34, 194722042, 197520764, 87460.06, 256, -18.10, -17.13, -15.67, -13.70, -13.26, -12.31, -11.61, -11.36, -11.51, -11.63, -11.92, -11.91, -11.72, -12.08, -12.02, -12.43, -12.13, -12.13, -12.43, -13.27, -12.94, -12.85, -13.74, -13.32, -12.90, -13.40, -13.99, -14.53, -15.58, -16.85, -18.01, -19.03, -19.03
2026-03-11, 20:46:34, 197520764, 200319486, 87460.06, 256, -21.85, -19.96, -18.23, -16.24, -14.96, -14.06, -14.28, -14.43, -14.69, -14.08, -14.88, -14.85, -15.00, -14.96, -14.74, -14.96, -15.32, -15.32, -15.68, -15.64, -15.90, -15.66, -15.97, -16.02, -15.96, -15.77, -16.70, -17.08, -17.85, -19.27, -20.42, -21.99, -21.99
2026-03-11, 20:46:34, 200319486, 203118208, 87460.06, 256, -24.55, -23.53, -21.87, -20.42, -19.21, -18.06, -18.48, -17.92, -17.91, -18.12, -17.42, -18.16, -16.92, -16.26, -11.77, -7.76, -16.65, -16.65, -17.81, -17.51, -17.88, -18.25, -17.91, -18.47, -18.06, -18.07, -17.71, -18.49, -19.46, -20.97, -22.46, -23.62, -23.62
2026-03-11, 20:46:34, 203118208, 205916930, 87460.06, 256, -23.04, -22.50, -21.48, -20.32, -18.68, -17.93, -16.95, -16.81, -15.97, -16.09, -16.52, -16.67, -16.38, -16.11, -15.56, -16.06, -15.55, -15.55, -15.66, -15.76, -15.89, -16.00, -15.59, -14.79, -15.21, -15.35, -14.96, -15.98, -16.49, -17.69, -19.84, -21.47, -21.47
2026-03-11, 20:46:34, 205916930, 208715652, 87460.06, 256, -20.20, -21.23, -19.83, -18.05, -16.54, -15.44, -14.90, -14.69, -14.95, -14.75, -14.55, -14.46, -13.96, -14.30, -13.22, -13.33, -12.97, -12.97, -13.24, -12.61, -13.10, -13.29, -13.52, -13.15, -12.49, -13.09, -12.64, -12.79, -13.03, -15.31, -16.73, -18.93, -18.93
2026-03-11, 20:46:34, 208715652, 211514374, 87460.06, 256, -17.69, -18.15, -16.86, -15.89, -13.76, -13.17, -13.17, -11.96, -12.18, -12.50, -12.32, -11.64, -11.49, -11.79, -11.40, -10.51, -11.47, -11.47, -10.45, -10.18, -11.12, -11.32, -10.56, -10.41, -10.59, -10.64, -10.39, -10.35, -11.92, -12.65, -13.66, -15.83, -15.83
2026-03-11, 20:46:34, 211514374, 214313096, 87460.06, 256, -16.82, -17.09, -15.80, -13.81, -12.21, -11.63, -11.11, -10.72, -10.74, -11.17, -10.45, -10.21, -9.62, -7.60, -9.30, -9.47, -10.09, -10.09, -10.19, -10.04, -10.66, -10.55, -10.40, -10.38, -10.01, -10.20, -10.11, -10.09, -11.50, -12.71, -14.09, -16.00, -16.00
2026-03-11, 20:46:34, 214313096, 217111818, 87460.06, 256, -16.18, -16.34, -15.03, -13.79, -12.82, -11.71, -11.27, -11.38, -10.96, -11.17, -11.38, -11.53, -11.83, -11.38, -11.00, -10.81, -11.32, -11.32, -11.00, -8.89, -11.26, -11.53, -10.88, -10.25, -11.56, -11.00, -10.88, -11.38, -12.33, -13.49, -14.36, -15.18, -15.18
2026-03-11, 20:46:34, 217111818, 219910540, 87460.06, 256, -9.53, -10.95, -8.14, -7.45, -5.96, -1.57, -0.42, -1.62, -0.89, 2.16, 2.11, -0.25, 1.01, 2.05, -0.50, -4.67, -3.50, -3.50, -1.37, -0.20, 3.26, 3.15, -0.86, -5.69, -2.20, 1.54, 0.26, -0.77, -4.05, -6.06, -5.22, -5.17, -5.17
2026-03-11, 20:46:34, 219910540, 222709262, 87460.06, 256, -7.72, -8.39, -2.96, -1.95, -5.73, -0.94, 2.10, -2.37, -1.16, 0.45, -3.30, -1.16, 0.41, -2.34, 0.33, -0.54, 2.43, 2.43, -3.53, 0.43, -0.52, -0.49, 0.35, -4.77, 0.55, -4.51, -1.25, -2.05, -1.66, -7.60, -3.10, -9.82, -9.82
2026-03-11, 20:46:34, 222709262, 225507984, 87460.06, 256, -9.95, -8.85, -9.81, -2.07, -5.68, 0.38, -1.75, -2.34, -1.38, -5.46, -0.98, -2.76, -0.98, -3.42, 0.01, -5.45, -2.60, -2.60, -1.72, -2.68, -0.67, -1.77, -6.45, -0.88, -3.75, -2.95, -1.15, -7.76, -4.51, -2.86, -8.76, -8.27, -8.27
2026-03-11, 20:46:34, 225507984, 228306706, 87460.06, 256, -9.80, -12.72, -6.48, -4.84, -7.18, -5.29, -1.01, -3.35, -8.05, -4.10, -1.18, -2.10, -6.67, -5.86, -2.70, -0.14, -4.78, -4.78, -8.10, -5.04, -2.67, -2.16, -2.17, -4.47, -6.64, -9.50, -9.55, -7.89, -6.54, -6.73, -8.22, -9.38, -9.38
2026-03-11, 20:46:34, 228306706, 231105428, 87460.06, 256, -14.18, -11.64, -10.03, -8.79, -7.74, -5.23, -7.16, -8.91, -10.46, -11.56, -12.13, -13.06, -13.48, -14.36, -13.94, -13.93, -14.62, -14.62, -13.70, -13.52, -14.27, -13.77, -13.37, -10.43, 1.57, -11.07, -14.61, -15.67, -16.62, -17.40, -18.06, -17.18, -17.18
2026-03-11, 20:46:34, 231105428, 233904150, 87460.06, 256, -23.14, -21.34, -19.90, -18.64, -17.20, -16.10, -15.71, -15.78, -15.44, -15.76, -15.53, -15.79, -15.51, -15.21, -15.56, -15.04, -14.97, -14.97, -15.36, -15.27, -15.38, -15.85, -15.95, -16.60, -16.02, -16.76, -16.82, -17.08, -17.43, -18.49, -20.16, -22.09, -22.09
2026-03-11, 20:46:34, 233904150, 236702872, 87460.06, 256, -22.80, -21.63, -20.79, -18.87, -17.97, -16.47, -16.25, -15.86, -16.34, -16.10, -16.82, -16.72, -15.54, -15.90, -15.72, -16.09, -15.67, -15.67, -16.03, -16.37, -16.29, -16.88, -16.30, -16.69, -16.31, -15.90, -15.67, -17.08, -17.86, -19.07, -21.10, -22.51, -22.51
2026-03-11, 20:46:34, 236702872, 239501594, 87460.06, 256, -21.26, -21.76, -20.92, -19.36, -17.54, -16.33, -15.71, -15.32, -15.21, -15.14, -15.79, -16.07, -15.24, -14.90, -14.83, -14.62, -14.78, -14.78, -14.88, -14.15, -14.08, -14.95, -14.21, -14.47, -14.26, -14.40, -13.70, -15.01, -15.92, -16.51, -17.73, -20.20, -20.20
2026-03-11, 20:46:34, 239501594, 242300316, 87460.06, 256, -14.96, -15.42, -14.82, -12.64, -7.49, -7.50, -3.23, -10.32, -11.66, -11.34, -11.37, -11.19, -10.30, -11.04, -10.20, -9.17, -9.07, -9.07, -8.40, -7.43, -6.43, -3.64, 0.29, nan, -1.88, -5.82, -6.10, -7.84, -9.61, -10.48, -11.78, -13.91, -13.91
2026-03-11, 20:46:34, 242300316, 245099038, 87460.06, 256, -15.30, -14.96, -13.70, -10.96, -11.18, -9.10, -9.11, -8.76, -9.35, -9.64, -9.22, -8.96, -8.66, -8.66, -8.45, -7.39, -7.83, -7.83, -8.31, -7.45, -8.46, -7.96, -8.16, -8.64, -8.41, -7.83, -8.16, -9.06, -8.80, -10.07, -12.29, -14.69, -14.69
2026-03-11, 20:46:34, 245099038, 247897760, 87460.06, 256, -14.12, -14.13, -12.01, -10.64, -9.37, -8.77, -8.23, -7.74, -7.39, -8.33, -7.08, -7.50, -7.51, -7.52, -7.01, -6.77, -7.50, -7.50, -7.20, -7.28, -7.83, -7.50, -8.01, -7.95, -7.69, -7.33, -6.88, -7.95, -9.15, -9.83, -11.59, -13.95, -13.95
2026-03-11, 20:46:34, 247897760, 250696482, 87460.06, 256, -15.41, -13.81, -13.22, -11.41, -9.54, -8.41, -8.15, -8.09, -7.85, -8.18, -8.40, -7.80, -7.79, -7.51, -7.60, -7.09, -7.39, -7.39, -7.52, -7.06, -7.96, -8.19, -7.72, -6.73, 1.27, -7.05, -7.95, -9.21, -10.21, -11.01, -12.41, -14.64, -14.64
2026-03-11, 20:46:34, 250696482, 253495204, 87460.06, 256, -14.75, -14.18, -11.98, -10.74, -9.04, -8.00, -7.88, -7.64, -7.60, -7.68, -7.60, -8.26, -8.42, -7.52, -7.63, -7.92, -7.07, -7.07, -7.16, -7.63, -8.00, -7.19, -7.06, -7.75, -7.86, -7.11, -7.14, -8.35, -8.83, -9.87, -11.41, -13.80, -13.80
2026-03-11, 20:46:34, 253495204, 256293926, 87460.06, 256, -13.96, -13.16, -11.48, -10.62, -8.88, -7.70, -8.31, -7.21, -7.22, -6.02, -5.49, -1.63, 1.76, -0.62, -3.89, -6.05, -7.41, -7.41, -7.82, -8.16, -7.72, -8.14, -8.14, -8.27, -7.50, -8.00, -7.55, -8.19, -8.55, -10.54, -11.30, -13.22, -13.22
2026-03-11, 20:46:34, 256293926, 259092648, 87460.06, 256, -16.52, -13.41, -12.47, -12.08, -10.47, -9.21, -9.57, -9.23, -9.78, -9.40, -9.06, -9.22, -9.01, -8.99, -9.10, -8.46, -9.28, -9.28, -8.88, -8.89, -10.38, -9.19, -9.37, -9.61, -10.87, -9.91, -8.99, -10.91, -12.54, -13.08, -13.88, -15.46, -15.46
2026-03-11, 20:46:34, 259092648, 261891370, 87460.06, 256, -16.62, -7.58, -12.46, -11.26, -10.97, -11.63, -11.32, -11.03, -9.12, -9.27, -9.41, -9.81, -10.51, -11.50, -11.53, -11.16, -10.15, -10.15, -10.06, -9.11, -10.00, -10.04, -9.08, -9.67, -10.35, -11.59, -11.69, -12.59, -13.01, -14.59, -16.63, -16.95, -16.95
2026-03-11, 20:46:34, 261891370, 264690092, 87460.06, 256, -16.19, -16.40, -15.04, -14.07, -12.40, -9.72, -10.60, -10.71, -10.96, -11.49, -11.43, -11.73, -11.15, -10.37, -10.48, -10.23, -10.07, -10.07, -9.65, -8.41, -9.32, -10.22, -10.01, -10.05, -9.34, -9.11, -9.50, -9.20, -10.13, -11.45, -13.28, -15.25, -15.25
2026-03-11, 20:46:34, 264690092, 267488814, 87460.06, 256, -14.27, -14.20, -13.41, -12.58, -10.73, -9.73, -9.36, -8.72, -9.28, -9.23, -8.85, -8.80, -8.53, -8.01, -7.37, -7.20, -6.91, -6.91, -7.19, -7.79, -7.45, -7.24, -7.45, -6.74, -6.98, -7.20, -6.94, -7.66, -8.69, -9.78, -10.38, -13.10, -13.10
2026-03-11, 20:46:34, 267488814, 270287536, 87460.06, 256, -13.70, -12.86, -10.85, -8.80, -7.68, -6.91, -6.57, -6.18, -6.90, -6.87, -6.42, -6.56, -6.46, -6.58, -6.43, -2.19, -6.42, -6.42, -6.60, -6.59, -6.65, -7.43, -6.85, -7.54, -7.20, -7.06, -7.07, -8.01, -8.32, -10.44, -12.45, -13.00, -13.00
2026-03-11, 20:46:34, 270287536, 273086258, 87460.06, 256, -14.66, -13.41, -11.10, -9.92, -9.25, -8.67, -7.82, -7.87, -8.04, -8.15, -8.00, -7.71, -8.52, -8.27, -7.76, -7.85, -8.03, -8.03, -8.04, -8.09, -8.76, -8.57, -8.16, -8.38, -7.99, -7.54, -8.12, -9.06, -9.38, -10.58, -13.21, -14.70, -14.70
2026-03-11, 20:46:34, 273086258, 275884980, 87460.06, 256, -11.87, -10.52, -8.40, -6.26, -3.86, -2.02, 1.50, 3.47, nan, nan, nan, nan, nan, 3.30, 0.86, -1.36, -4.15, -4.15, -5.42, -5.60, -6.47, -6.78, -7.18, -7.69, -7.13, -7.13, -6.94, -5.96, -6.81, -7.57, -8.62, -10.71, -10.71
2026-03-11, 20:46:34, 275884980, 278683702, 87460.06, 256, -12.86, -12.36, -10.66, -8.59, -6.97, -7.18, -6.64, -6.80, -7.65, -7.07, -7.86, -8.33, -7.50, -7.58, -7.03, -6.44, -4.90, -4.90, -3.94, -1.82, 0.58, 3.33, 4.64, nan, 4.66, 3.94, 0.93, -2.10, -4.16, -4.88, -9.68, -11.50, -11.50
2026-03-11, 20:46:34, 278683702, 281482424, 87460.06, 256, -11.89, -12.29, -11.13, -10.14, -8.16, -8.16, -6.93, -7.37, -6.81, -7.03, -7.13, -7.43, -7.38, -7.84, -7.78, -7.32, -7.78, -7.78, -7.47, -7.80, -8.32, -7.89, -8.30, -7.79, -7.57, -6.99, -6.82, -7.62, -8.70, -9.31, -10.02, -11.58, -11.58
2026-03-11, 20:46:34, 281482424, 284281146, 87460.06, 256, -12.14, -11.52, -10.31, -8.39, -7.23, -6.55, -5.90, -5.01, -4.68, -5.37, -5.34, -5.78, -5.12, -4.71, -5.13, -4.86, -4.02, -4.02, -4.01, -4.63, -4.51, -5.05, -4.79, -4.10, -4.29, -4.69, -5.16, -5.01, -6.02, -7.27, -9.24, -11.01, -11.01
2026-03-11, 20:46:34, 284281146, 287079868, 87460.06, 256, -12.66, -11.42, -9.94, -8.86, -7.40, -6.55, -7.08, -6.77, -6.10, -6.20, -6.38, -5.99, -5.31, -5.18, -4.21, -2.84, 0.61, 0.61, 3.03, 3.59, nan, 4.07, 2.33, 0.17, -2.07, -3.08, -5.37, -6.40, -6.59, -8.94, -10.85, -11.88, -11.88
2026-03-11, 20:46:34, 287079868, 289878590, 87460.06, 256, -9.26, -9.63, -10.10, -10.40, -9.07, -8.73, -8.19, -7.27, -6.97, -6.46, -2.79, -2.09, -6.34, -6.46, -6.25, -4.54, -6.21, -6.21, -6.43, -6.63, -6.96, -7.22, -7.29, -6.39, -6.80, -6.87, -6.84, -6.63, -7.30, -7.18, -7.76, -8.67, -8.67
2026-03-11, 20:46:34, 289878590, 292677312, 87460.06, 256, -12.69, -11.93, -9.72, -8.67, -6.78, -6.62, -5.97, -5.36, -5.30, -5.96, -5.60, -4.70, -4.62, -4.46, -4.98, -4.82, -4.79, -4.79, -4.96, -5.05, -1.42, -5.28, -4.95, -5.34, -5.47, -4.79, -4.74, -5.84, -6.79, -8.56, -10.13, -11.87, -11.87
2026-03-11, 20:46:34, 292677312, 295476034, 87460.06, 256, -13.17, -11.33, -9.98, -7.72, -6.65, -6.40, -5.52, -5.26, -4.11, -4.88, -5.31, -5.42, -5.66, -5.31, -5.20, -5.81, -5.31, -5.31, -5.72, -5.91, -6.01, -5.57, -5.62, -5.30, -5.84, -5.78, -6.01, -6.95, -7.42, -9.02, -10.61, -12.73, -12.73
2026-03-11, 20:46:34, 295476034, 298274756, 87460.06, 256, -13.07, -12.63, -10.82, -9.50, -7.12, -6.67, -7.19, -7.21, -7.29, -7.32, -7.10, -6.97, -6.69, -6.32, -6.64, -5.80, -6.46, -6.46, -6.22, -6.29, -6.55, -6.65, -6.71, -6.39, -4.43, -5.70, -5.65, -4.95, -4.86, -5.59, -8.50, -11.59, -11.59
2026-03-11, 20:46:34, 298274756, 301073478, 87460.06, 256, -14.06, -13.00, -11.45, -10.14, -8.39, -8.00, -7.65, -7.68, -7.59, -7.48, -7.64, -7.59, -6.88, -6.98, -7.15, -6.79, -6.98, -6.98, -7.08, -7.41, -6.26, -6.98, -7.18, -7.01, -7.14, -7.67, -7.37, -7.56, -8.66, -9.73, -11.44, -13.45, -13.45
2026-03-11, 20:46:34, 301073478, 303872200, 87460.06, 256, -14.02, -13.42, -11.29, -9.41, -8.81, -7.36, -7.66, -6.99, -6.90, -6.61, -6.61, -6.17, -6.39, -6.33, -5.88, -2.23, -6.45, -6.45, -6.53, -6.64, -6.45, -6.92, -7.18, -6.71, -7.00, -6.48, -7.29, -7.89, -8.34, -9.23, -11.35, -12.82, -12.82
2026-03-11, 20:46:34, 303872200, 306670922, 87460.06, 256, -14.51, -13.21, -11.75, -10.06, -8.67, -8.16, -7.96, -7.25, -6.53, -7.77, -7.41, -7.54, -7.53, -7.23, -7.08, -7.25, -6.88, -6.88, -6.46, -6.85, -6.85, -7.24, -7.35, -7.44, -7.95, -8.08, -8.23, -8.51, -9.14, -10.49, -12.75, -14.18, -14.18
2026-03-11, 20:46:34, 306670922, 309469644, 87460.06, 256, -15.45, -13.77, -12.23, -10.43, -8.82, -7.94, -7.23, -7.82, -8.33, -7.86, -8.28, -8.73, -8.41, -7.77, -8.40, -7.45, -7.46, -7.46, -7.76, -7.82, -8.36, -8.13, -8.64, -8.84, -7.83, -8.48, -9.17, -9.31, -10.62, -11.45, -13.52, -14.76, -14.76
2026-03-11, 20:46:34, 309469644, 312268366, 87460.06, 256, -15.44, -14.46, -12.55, -11.31, -11.08, -9.93, -9.51, -9.24, -8.96, -8.91, -9.11, -9.01, -8.68, -9.09, -8.76, -7.97, -8.42, -8.42, -8.89, -8.87, -8.95, -9.20, -8.94, -9.39, -8.51, -9.84, -9.59, -9.95, -10.56, -11.49, -13.38, -14.98, -14.98
2026-03-11, 20:46:34, 312268366, 315067088, 87460.06, 256, -15.93, -14.92, -13.64, -11.67, -10.51, -10.17, -9.12, -8.66, -8.62, -9.03, -9.21, -8.54, -8.77, -8.24, -8.27, -8.36, -8.11, -8.11, -8.28, -8.91, -8.80, -8.84, -9.28, -8.72, -8.06, -7.90, -8.42, -9.32, -10.04, -11.84, -13.33, -14.94, -14.94
2026-03-11, 20:46:34, 315067088, 317865810, 87460.06, 256, -15.52, -14.63, -12.33, -10.97, -10.32, -9.48, -8.62, -8.36, -8.07, -8.03, -8.93, -8.45, -8.52, -9.20, -8.20, -8.19, -7.68, -7.68, -7.91, -7.70, -2.64, -7.74, -8.16, -8.31, -8.60, -8.59, -8.90, -9.02, -9.04, -11.05, -12.56, -14.66, -14.66
2026-03-11, 20:46:34, 317865810, 320664532, 87460.06, 256, -15.39, -14.65, -13.43, -11.09, -10.09, -8.72, -8.37, -8.16, -8.06, -8.54, -7.93, -8.49, -8.06, -7.54, -7.71, -7.81, -7.36, -7.36, -6.92, -7.37, -8.49, -7.61, -8.10, -7.75, -7.78, -7.77, -8.48, -8.54, -9.25, -10.38, -12.65, -14.04, -14.04
2026-03-11, 20:46:34, 320664532, 323463254, 87460.06, 256, -14.48, -13.87, -12.12, -10.70, -10.50, -8.89, -9.24, -7.99, -8.27, -8.77, -8.54, -8.94, -8.69, -8.11, -7.84, -6.67, -7.27, -7.27, -7.25, -7.60, -7.68, -7.89, -7.79, -8.06, -7.95, -8.57, -8.04, -8.76, -9.37, -10.39, -12.01, -13.90, -13.90
2026-03-11, 20:46:34, 323463254, 326261976, 87460.06, 256, -15.44, -13.75, -12.45, -10.62, -9.19, -7.82, -7.70, -8.51, -7.72, -8.24, -7.49, -7.59, -7.50, -7.56, -7.21, -8.09, -7.17, -7.17, -7.17, -7.14, -8.37, -8.35, -7.85, -8.21, -7.98, -7.90, -8.00, -8.42, -9.64, -10.54, -12.09, -14.46, -14.46
2026-03-11, 20:46:34, 326261976, 329060698, 87460.06, 256, -14.87, -14.26, -12.09, -11.41, -10.22, -8.77, -8.40, -8.34, -7.48, -8.02, -7.93, -8.31, -7.63, -7.47, -7.51, -7.66, -7.99, -7.99, -7.56, -8.39, -7.75, -8.23, -8.51, -8.23, -8.31, -8.32, -8.54, -8.89, -9.60, -10.76, -12.74, -13.99, -13.99
2026-03-11, 20:46:34, 329060698, 331859420, 87460.06, 256, -15.39, -14.63, -12.74, -11.72, -10.28, -8.79, -9.49, -8.47, -8.76, -8.50, -8.22, -8.29, -8.55, -7.94, -7.34, -8.22, -7.96, -7.96, -7.72, -8.01, -8.36, -8.39, -8.53, -8.66, -7.62, -7.52, -8.72, -9.16, -10.82, -11.63, -13.26, -14.97, -14.97
2026-03-11, 20:46:34, 331859420, 334658142, 87460.06, 256, -16.23, -14.83, -13.47, -11.70, -10.11, -9.13, -8.60, -8.78, -8.24, -8.81, -8.78, -8.43, -8.96, -8.38, -8.57, -8.37, -7.97, -7.97, -8.78, -8.16, -8.94, -9.48, -8.83, -9.35, -8.59, -8.86, -9.02, -10.12, -10.77, -10.76, -13.43, -15.35, -15.35
2026-03-11, 20:46:34, 334658142, 337456864, 87460.06, 256, -16.67, -15.33, -14.31, -11.60, -10.86, -9.65, -10.26, -9.47, -9.20, -9.25, -9.69, -8.62, -9.70, -8.36, -8.51, -5.76, -9.13, -9.13, -9.05, -9.32, -9.19, -9.89, -10.14, -9.40, -9.16, -9.54, -9.56, -10.20, -11.62, -12.29, -14.42, -15.82, -15.82
2026-03-11, 20:46:34, 337456864, 340255586, 87460.06, 256, -17.20, -16.41, -14.18, -12.23, -11.29, -10.43, -9.74, -9.30, -9.32, -9.28, -9.09, -8.72, -8.56, -8.64, -8.99, -9.54, -9.47, -9.47, -9.85, -10.52, -9.98, -10.24, -10.21, -10.34, -10.43, -10.46, -11.01, -11.23, -12.12, -13.03, -14.77, -16.46, -16.46
2026-03-11, 20:46:34, 340255586, 343054308, 87460.06, 256, -17.97, -17.31, -15.39, -13.16, -11.88, -11.49, -11.15, -10.83, -11.21, -11.09, -11.60, -11.09, -11.13, -11.01, -10.87, -10.64, -10.68, -10.68, -10.58, -10.92, -11.20, -11.55, -11.42, -11.09, -10.96, -11.30, -12.22, -12.10, -13.41, -15.07, -16.43, -17.97, -17.97
2026-03-11, 20:46:34, 343054308, 345853030, 87460.06, 256, -19.95, -18.12, -16.85, -15.20, -14.17, -12.68, -11.73, -12.41, -12.49, -12.38, -11.86, -11.35, -11.14, -11.93, -12.03, -11.79, -11.93, -11.93, -12.42, -12.68, -12.66, -13.22, -12.99, -12.64, -12.65, -12.83, -12.71, -12.28, -14.34, -7.40, -16.93, -18.68, -18.68
2026-03-11, 20:46:34, 345853030, 348651752, 87460.06, 256, -20.15, -19.19, -17.62, -15.63, -14.98, -13.91, -13.58, -13.33, -13.00, -12.76, -13.18, -13.16, -13.07, -13.56, -13.05, -12.89, -12.60, -12.60, -13.73, -13.03, -12.88, -13.42, -13.43, -13.66, -13.47, -13.31, -13.16, -13.81, -14.76, -16.02, -17.73, -19.54, -19.54
2026-03-11, 20:46:34, 348651752, 351450474, 87460.06, 256, -20.56, -19.72, -18.34, -15.87, -15.51, -14.39, -13.75, -13.84, -13.30, -13.66, -13.43, -13.95, -13.61, -13.16, -13.31, -13.22, -13.38, -13.38, -13.12, -13.60, -14.01, -13.73, -13.63, -14.13, -13.62, -14.13, -13.91, -14.81, -15.41, -16.27, -18.23, -20.53, -20.53
2026-03-11, 20:46:34, 351450474, 354249196, 87460.06, 256, -20.26, -19.33, -18.14, -15.99, -14.79, -13.92, -13.55, -13.40, -13.17, -13.52, -13.74, -13.15, -13.79, -13.12, -13.25, -12.78, -12.78, -12.78, -12.73, -12.69, -13.02, -13.59, -13.05, -13.23, -13.45, -12.34, -12.88, -13.65, -14.34, -15.86, -17.75, -19.24, -19.24
2026-03-11, 20:46:34, 354249196, 357047918, 87460.06, 256, -18.47, -19.05, -16.89, -15.84, -14.40, -13.11, -12.48, -12.94, -13.03, -12.31, -11.98, -6.28, -12.21, -12.24, -12.51, -11.63, -11.39, -11.39, -10.83, -11.09, -11.03, -10.65, -11.10, -11.02, -10.66, -11.44, -10.98, -11.67, -12.45, -13.49, -15.78, -17.32, -17.32
2026-03-11, 20:46:34, 357047918, 359846640, 87460.06, 256, -18.84, -18.38, -16.57, -14.95, -14.30, -13.21, -12.25, -12.00, -12.16, -12.52, -12.27, -11.83, -11.69, -11.53, -12.45, -11.77, -11.43, -11.43, -11.71, -12.51, -12.32, -11.81, -12.61, -12.56, -11.76, -11.97, -12.17, -13.10, -13.63, -14.63, -16.73, -18.24, -18.24
2026-03-11, 20:46:34, 359846640, 362645362, 87460.06, 256, -18.78, -16.30, -11.53, -14.17, -13.40, -12.65, -12.48, -12.07, -11.83, -11.77, -11.73, -11.83, -11.83, -11.36, -11.26, -11.47, -11.49, -11.49, -11.52, -11.78, -11.52, -12.64, -11.83, -12.66, -12.21, -11.42, -11.97, -12.58, -13.13, -14.49, -16.15, -18.70, -18.70
2026-03-11, 20:46:34, 362645362, 365444084, 87460.06, 256, -18.37, -18.19, -16.64, -14.70, -12.95, -13.12, -11.99, -12.11, -12.42, -12.31, -11.88, -12.04, -12.10, -11.79, -12.28, -11.97, -11.32, -11.32, -11.34, -12.15, -11.48, -12.42, -11.92, -11.44, -9.41, -6.86, -11.21, -12.69, -13.69, -14.41, -16.38, -18.06, -18.06
2026-03-11, 20:46:34, 365444084, 368242806, 87460.06, 256, -18.96, -18.03, -16.41, -15.53, -13.58, -12.49, -12.39, -12.39, -11.92, -11.56, -11.84, -11.96, -12.03, -11.51, -11.25, -11.69, -10.79, -10.79, -10.89, -11.39, -12.12, -12.30, -12.35, -12.58, -11.65, -12.36, -11.81, -12.46, -13.28, -14.70, -16.10, -18.04, -18.04
2026-03-11, 20:46:34, 368242806, 371041528, 87460.06, 256, -18.96, -18.30, -16.26, -14.55, -13.15, -12.83, -12.53, -11.86, -12.70, -12.46, -11.72, -12.44, -12.03, -11.92, -11.76, -11.39, -11.69, -11.69, -11.68, -12.10, -12.14, -12.48, -12.48, -12.68, -12.12, -11.81, -11.82, -12.61, -13.94, -15.53, -16.16, -18.25, -18.25
2026-03-11, 20:46:34, 371041528, 373840250, 87460.06, 256, -18.94, -18.53, -16.72, -15.30, -13.05, -12.45, -12.41, -12.18, -12.46, -12.01, -12.49, -11.49, -11.43, -11.80, -11.48, -11.25, -11.43, -11.43, -11.89, -11.34, -11.74, -11.78, -12.10, -11.18, -11.38, -11.45, -11.27, -12.12, -13.02, -13.80, -15.86, -17.41, -17.41
2026-03-11, 20:46:34, 373840250, 376638972, 87460.06, 256, -17.10, -16.85, -15.27, -13.81, -12.89, -11.49, -8.22, -9.35, -10.31, -10.69, -10.39, -10.00, -10.22, -0.41, -10.06, -10.11, -9.49, -9.49, -9.24, -9.59, -9.49, -9.45, -10.32, -9.34, -9.72, -9.27, -10.04, -9.87, -11.07, -12.16, -14.68, -15.94, -15.94
2026-03-11, 20:46:34, 376638972, 379437694, 87460.06, 256, -16.74, -16.47, -14.31, -12.82, -11.58, -10.53, -10.19, -10.75, -9.67, -9.53, -10.22, -10.20, -10.30, -9.48, -9.50, -9.34, -9.52, -9.52, -9.99, -10.12, -10.21, -10.26, -10.06, -10.53, -10.41, -10.22, -10.16, -10.51, -11.74, -12.87, -14.78, -15.72, -15.72
2026-03-11, 20:46:34, 379437694, 382236416, 87460.06, 256, -17.05, -15.96, -14.26, -13.03, -11.72, -10.46, -10.67, -10.15, -9.81, -9.59, -9.23, -8.85, -7.93, -7.74, -8.95, -9.60, -9.57, -9.57, -9.39, -9.95, -9.92, -10.29, -10.48, -9.77, -9.90, -9.87, -9.68, -10.55, -11.48, -12.82, -14.54, -16.53, -16.53
2026-03-11, 20:46:34, 382236416, 385035138, 87460.06, 256, -16.37, -15.95, -13.76, -12.52, -11.52, -10.80, -9.66, -9.81, -10.02, -9.14, -9.58, -9.83, -9.26, -9.45, -9.42, -9.36, -9.31, -9.31, -9.40, -9.05, -4.76, -9.67, -9.25, -9.89, -9.54, -9.81, -9.37, -10.39, -11.22, -11.92, -13.94, -15.98, -15.98
2026-03-11, 20:46:34, 385035138, 387833860, 87460.06, 256, -16.85, -16.00, -14.73, -12.48, -11.20, -10.32, -9.78, -9.34, -9.55, -9.82, -9.70, -9.38, -10.13, -9.06, -9.38, -8.50, -9.04, -9.04, -9.67, -9.14, -10.00, -9.98, -9.72, -9.35, -9.76, -9.57, -9.94, -11.14, -11.51, -12.64, -14.36, -15.98, -15.98
2026-03-11, 20:46:34, 387833860, 390632582, 87460.06, 256, -17.10, -16.04, -14.09, -12.32, -11.29, -10.55, -10.02, -9.84, -9.96, -9.92, -9.96, -9.55, -10.00, -10.21, -10.03, -9.71, -9.30, -9.30, -9.58, -9.48, -9.80, -10.38, -10.52, -10.09, -10.27, -11.08, -10.94, -11.51, -12.09, -12.91, -15.19, -16.54, -16.54
2026-03-11, 20:46:34, 390632582, 393431304, 87460.06, 256, -18.72, -17.10, -15.58, -13.87, -12.29, -11.08, -10.85, -10.53, -10.94, -11.08, -10.93, -10.92, -11.12, -11.01, -10.94, -11.25, -10.85, -10.85, -11.43, -11.34, -11.82, -11.65, -11.66, -12.13, -11.95, -12.37, -12.40, -12.56, -13.88, -14.59, -16.31, -17.94, -17.94
2026-03-11, 20:46:34, 393431304, 396230026, 87460.06, 256, -20.12, -19.13, -15.36, -15.23, -14.07, -13.38, -13.25, -12.74, -12.60, -13.17, -13.05, -13.16, -13.44, -12.65, -12.93, -12.77, -12.58, -12.58, -12.52, -13.68, -13.33, -13.74, -14.19, -13.85, -13.85, -13.63, -14.29, -14.64, -15.74, -16.97, -18.85, -20.16, -20.16
2026-03-11, 20:46:34, 396230026, 399028748, 87460.06, 256, -22.09, -20.64, -19.16, -17.53, -16.59, -15.59, -14.87, -15.23, -15.07, -15.86, -15.52, -15.20, -15.38, -14.84, -15.42, -14.56, -14.83, -14.83, -14.97, -15.62, -15.96, -16.06, -15.74, -15.87, -15.76, -16.33, -14.90, -14.53, -15.61, -18.11, -20.51, -21.81, -21.81
2026-03-11, 20:46:34, 399028748, 401827470, 87460.06, 256, -23.98, -23.33, -21.08, -19.65, -18.33, -17.62, -17.61, -16.62, -17.14, -17.40, -16.94, -16.29, -16.67, -17.13, -16.77, -16.61, -16.47, -16.47, -17.08, -17.17, -17.63, -17.38, -17.16, -17.69, -17.36, -17.23, -17.52, -17.90, -18.24, -19.74, -21.52, -23.24, -23.24
2026-03-11, 20:46:34, 401827470, 404626192, 87460.06, 256, -22.18, -22.17, -20.78, -20.01, -17.70, -17.17, -16.98, -16.26, -16.58, -16.72, -16.51, -15.70, -15.55, -15.35, -15.86, -13.40, -14.71, -14.71, -14.99, -15.41, -15.23, -15.86, -14.99, -14.89, -15.12, -14.60, -14.73, -14.99, -16.00, -16.88, -18.01, -20.43, -20.43
2026-03-11, 20:46:34, 404626192, 407424914, 87460.06, 256, -17.85, -17.49, -16.39, -15.36, -14.24, -13.57, -13.55, -12.76, -13.97, -12.70, -13.19, -12.50, -11.92, -11.64, -11.83, -11.38, -11.98, -11.98, -11.82, -11.83, -11.39, -11.63, -11.50, -11.67, -11.79, -11.57, -11.72, -12.00, -12.89, -13.97, -16.20, -17.33, -17.33
2026-03-11, 20:46:34, 407424914, 410223636, 87460.06, 256, -17.47, -16.90, -15.40, -14.12, -12.70, -11.79, -9.95, -10.39, -10.58, -10.70, -10.65, -10.50, -10.64, -10.60, -9.53, -9.95, -9.62, -9.62, -9.38, -10.07, -9.83, -10.22, -10.25, -10.00, -9.49, -9.70, -10.04, -10.71, -11.36, -12.81, -14.29, -15.81, -15.81
2026-03-11, 20:46:34, 410223636, 413022358, 87460.06, 256, -15.42, -15.53, -14.08, -12.45, -10.93, -9.90, -9.30, -9.85, -8.82, -8.84, -8.91, -8.91, -8.92, -7.96, -8.35, -8.14, -8.49, -8.49, -7.81, -7.86, -8.58, -8.61, -8.30, -8.16, -8.37, -7.80, -8.46, -8.47, -9.45, -10.65, -11.67, -14.28, -14.28
2026-03-11, 20:46:34, 413022358, 415821080, 87460.06, 256, -13.45, -13.38, -12.19, -9.47, -7.98, -7.34, -7.46, -7.05, -6.86, -7.35, -7.17, -6.91, -7.01, -6.58, -6.57, -5.82, -6.23, -6.23, -6.43, -6.38, -6.21, -6.48, -6.62, -6.36, -6.24, -6.17, -6.66, -7.20, -7.52, -9.15, -10.85, -12.42, -12.42
2026-03-11, 20:46:34, 415821080, 418619802, 87460.06, 256, -13.56, -12.48, -10.34, -8.98, -7.73, -6.29, -6.54, -5.91, -5.74, -4.43, -5.55, -5.86, -6.07, -5.64, -5.52, -4.92, -5.49, -5.49, -5.12, -5.77, -5.38, -5.65, -5.27, -5.31, -5.46, -5.45, -5.85, -6.40, -7.18, -8.44, -10.41, -11.94, -11.94
2026-03-11, 20:46:34, 418619802, 421418524, 87460.06, 256, -12.41, -12.24, -9.83, -8.27, -7.43, -6.51, -5.61, -5.59, -5.57, -5.35, -5.60, -5.99, -5.33, -5.05, -5.48, -5.08, -5.73, -5.73, -5.12, -5.26, -5.76, -5.81, -5.45, -6.26, -5.78, -4.98, -6.62, -6.86, -7.58, -8.10, -10.40, -11.95, -11.95
2026-03-11, 20:46:34, 421418524, 424217246, 87460.06, 256, -13.55, -12.56, -10.46, -8.82, -7.69, -7.34, -7.19, -6.52, -6.40, -5.94, -5.99, -6.41, -6.37, -6.75, -6.74, -5.61, -5.72, -5.72, -6.01, -6.08, -7.03, -6.74, -7.13, -7.39, -7.47, -7.36, -7.57, -8.14, -8.95, -9.63, -10.89, -12.84, -12.84
2026-03-11, 20:46:34, 424217246, 427015968, 87460.06, 256, -14.79, -13.28, -11.04, -9.64, -8.19, -8.16, -7.70, -7.39, -7.44, -7.68, -7.30, -7.53, -7.80, -7.91, -7.45, -7.28, -7.70, -7.70, -8.36, -8.37, -8.24, -8.75, -8.24, -8.67, -9.06, -8.20, -8.54, -9.38, -10.70, -11.61, -13.28, -15.07, -15.07
2026-03-11, 20:46:34, 427015968, 429814690, 87460.06, 256, -16.96, -15.51, -13.68, -11.69, -10.59, -10.68, -8.86, -9.13, -9.43, -9.64, -9.61, -9.47, -9.62, -9.41, -9.43, -8.93, -8.89, -8.89, -9.16, -9.57, -9.78, -9.68, -10.04, -9.86, -9.57, -9.06, -10.26, -11.07, -11.40, -13.01, -14.48, -16.53, -16.53
2026-03-11, 20:46:34, 429814690, 432613412, 87460.06, 256, -18.19, -17.50, -14.54, -13.53, -12.42, -11.32, -11.18, -10.47, -11.16, -10.87, -10.96, -10.78, -10.64, -10.87, -11.00, -10.93, -10.63, -10.63, -10.97, -11.51, -11.21, -11.15, -11.27, -11.83, -11.61, -4.45, -11.35, -11.84, -12.93, -14.03, -15.72, -17.42, -17.42
2026-03-11, 20:46:34, 432613412, 435412134, 87460.06, 256, -11.78, -14.36, -14.54, -13.39, -12.57, -11.89, -11.26, -10.93, -10.87, -11.12, -10.69, -10.78, -10.40, -10.79, -10.14, -9.66, -9.68, -9.68, -9.33, -9.63, -9.51, -8.37, -8.58, -7.12, -7.06, -6.37, -5.53, -5.46, -5.32, -6.03, -7.48, -9.09, -9.09
2026-03-11, 20:46:34, 435412134, 438210856, 87460.06, 256, -8.07, -6.67, -4.97, -3.66, -1.66, -1.84, -1.64, -2.22, -4.33, -5.66, -8.68, -8.71, -6.92, -3.32, -1.71, 0.18, 0.56, 0.56, -0.84, -3.17, -5.72, -9.18, -5.94, -2.72, -0.63, 0.04, -1.23, -3.67, -8.35, -10.14, -7.65, -7.30, -7.30
2026-03-11, 20:46:34, 438210856, 441009578, 87460.06, 256, -9.79, -9.10, -10.29, -8.69, -4.41, -1.52, -2.23, -4.94, -8.05, -3.26, -1.43, -2.53, -7.09, -5.62, -1.43, -1.09, -5.61, -5.61, -1.61, -1.43, -4.79, -6.97, -2.16, -2.88, -7.15, -4.91, -1.82, -3.96, -7.56, -5.27, -7.52, -12.08, -12.08
2026-03-11, 20:46:34, 441009578, 443808300, 87460.06, 256, -10.65, -8.07, -9.31, -6.04, -2.56, -8.75, -4.30, -1.63, -5.54, -2.15, -2.96, -7.86, -1.94, -2.62, -4.51, -1.70, -2.55, -2.55, -1.92, -6.57, -3.37, -5.27, -3.23, -5.47, -4.85, -2.86, -5.60, -4.02, -8.13, -4.74, -9.66, -11.58, -11.58
2026-03-11, 20:46:34, 443808300, 446607022, 87460.06, 256, -13.24, -11.73, -11.60, -8.13, -4.85, -9.09, -6.08, -4.75, -5.51, -7.66, -5.15, -7.28, -4.98, -6.34, -7.69, -3.74, -6.68, -6.68, -6.75, -5.25, -7.87, -6.47, -9.35, -5.13, -8.29, -9.02, -5.63, -10.20, -7.99, -11.61, -10.71, -13.07, -13.07
2026-03-11, 20:46:34, 446607022, 449405744, 87460.06, 256, -17.42, -16.25, -13.72, -12.37, -10.33, -9.20, -12.08, -8.25, -12.29, -8.69, -9.71, -8.69, -11.82, -8.71, -12.00, -8.50, -8.61, -8.61, -11.55, -9.77, -10.91, -11.24, -9.47, -10.85, -9.89, -13.13, -10.26, -12.56, -12.35, -13.23, -15.49, -15.72, -15.72
2026-03-11, 20:46:34, 449405744, 452204466, 87460.06, 256, -18.27, -16.93, -15.55, -13.84, -11.69, -14.31, -11.37, -10.54, -12.36, -10.38, -12.50, -12.90, -9.36, -11.61, -11.45, -9.58, -11.88, -11.88, -9.77, -11.59, -12.13, -10.26, -11.41, -13.33, -10.57, -10.46, -12.40, -12.33, -11.58, -13.95, -16.86, -17.00, -17.00
2026-03-11, 20:46:34, 452204466, 455003188, 87460.06, 256, -16.89, -17.83, -16.47, -12.64, -11.45, -11.24, -12.17, -10.27, -9.87, -10.08, -12.20, -11.17, -9.80, -9.32, -9.83, -12.10, -8.36, -8.36, -8.60, -9.56, -11.16, -11.97, -10.09, -8.39, -8.46, -9.84, -11.68, -12.83, -12.11, -12.44, -13.03, -14.95, -14.95
2026-03-11, 20:46:34, 455003188, 457801910, 87460.06, 256, -17.73, -16.51, -15.51, -14.52, -12.57, -10.81, -9.57, -9.37, -8.89, -9.26, -9.80, -10.47, -10.98, -11.65, -10.95, -11.24, -9.54, -9.54, -8.95, -8.99, -8.45, -8.89, -8.46, -8.47, -8.83, -9.15, -9.26, -10.35, -11.31, -12.64, -14.86, -16.46, -16.46
2026-03-11, 20:46:34, 457801910, 460600632, 87460.06, 256, -18.77, -17.73, -15.56, -14.53, -13.56, -12.58, -12.04, -12.13, -12.11, -12.62, -12.41, -12.80, -12.54, -11.99, -12.40, -11.84, -11.34, -11.34, -12.11, -12.39, -12.71, -12.67, -12.48, -12.57, -12.85, -12.41, -13.09, -13.67, -14.11, -15.49, -17.09, -18.73, -18.73
2026-03-11, 20:46:34, 460600632, 463399354, 87460.06, 256, -17.90, -14.94, -4.06, -10.63, -12.87, -13.03, -12.88, -13.05, -12.37, -13.22, -12.51, -12.99, -13.27, -12.49, -12.56, -12.54, -12.08, -12.08, -12.67, -13.21, -13.00, -12.18, -12.94, -13.25, -12.90, -13.10, -13.17, -13.19, -14.31, -15.80, -17.35, -18.24, -18.24
2026-03-11, 20:46:34, 463399354, 466198076, 87460.06, 256, -19.95, -19.60, -17.55, -16.05, -14.81, -13.57, -13.13, -13.32, -12.96, -13.02, -13.02, -13.20, -13.63, -12.84, -12.40, -12.18, -12.60, -12.60, -13.07, -12.84, -13.22, -13.02, -13.06, -13.49, -12.75, -13.45, -13.49, -13.73, -15.08, -16.23, -17.47, -19.54, -19.54
2026-03-11, 20:46:34, 466198076, 468996798, 87460.06, 256, -20.55, -19.38, -17.38, -16.23, -14.58, -13.66, -13.36, -13.00, -12.79, -13.26, -13.24, -13.03, -13.38, -13.73, -12.79, -13.66, -12.49, -12.49, -13.02, -12.94, -13.49, -12.69, -13.84, -12.95, -13.66, -14.40, -13.90, -14.79, -15.12, -15.41, -17.34, -19.39, -19.39
2026-03-11, 20:46:34, 468996798, 471795520, 87460.06, 256, -19.36, -19.27, -16.99, -15.45, -13.63, -13.42, -13.64, -13.17, -13.45, -12.31, -12.20, -12.47, -12.39, -12.23, -12.65, -11.53, -12.72, -12.72, -12.41, -12.06, -11.61, -12.53, -12.90, -12.32, -12.25, -12.54, -13.34, -13.01, -13.73, -15.32, -17.11, -18.56, -18.56
2026-03-11, 20:46:34, 471795520, 474594242, 87460.06, 256, -19.33, -18.98, -17.33, -15.20, -14.27, -13.68, -12.44, -12.87, -12.92, -12.62, -12.32, -12.69, -12.33, -11.97, -12.44, -12.23, -11.83, -11.83, -11.72, -11.85, -12.87, -12.16, -12.21, -12.66, -12.18, -13.03, -12.46, -13.28, -14.02, -15.11, -17.20, -17.95, -17.95
2026-03-11, 20:46:34, 474594242, 477392964, 87460.06, 256, -18.61, -18.25, -16.76, -14.83, -13.13, -12.98, -11.95, -11.50, -12.26, -12.05, -11.29, -11.71, -12.14, -10.56, -11.40, -10.95, -11.17, -11.17, -11.85, -11.18, -11.38, -10.95, -11.80, -12.21, -12.18, -10.70, -12.46, -12.38, -12.53, -14.53, -15.51, -17.60, -17.60
2026-03-11, 20:46:34, 477392964, 480191686, 87460.06, 256, -17.82, -17.52, -16.13, -14.02, -13.25, -12.24, -11.95, -11.59, -11.51, -11.40, -11.27, -11.46, -11.63, -10.85, -11.31, -9.94, -9.78, -9.78, -10.97, -10.60, -10.89, -11.05, -11.40, -10.54, -11.60, -10.66, -10.44, -11.08, -12.65, -11.12, -7.85, -15.48, -15.48
2026-03-11, 20:46:34, 480191686, 482990408, 87460.06, 256, 3.06, -9.63, -12.19, -10.96, -11.01, -10.28, -9.93, -9.17, -8.67, -9.36, -8.89, -9.46, -8.04, -5.85, -8.16, -8.49, -8.24, -8.24, -9.39, -8.95, -7.96, -7.84, -7.09, -7.88, -6.87, -7.13, -6.38, -6.58, -6.66, -8.33, -8.65, -5.40, -5.40
2026-03-11, 20:46:34, 482990408, 485789130, 87460.06, 256, 1.34, -9.92, -9.15, -8.75, -8.50, -7.28, -8.46, -7.12, -7.15, -7.12, -8.86, -7.27, -6.40, -8.82, -8.49, -7.70, -8.45, -8.45, -6.61, -6.52, -7.89, -9.13, -8.67, -6.72, -7.34, -9.38, -9.63, -8.30, -8.83, -11.17, -12.53, -8.27, -8.27
2026-03-11, 20:46:34, 485789130, 488587852, 87460.06, 256, -15.57, -13.66, -12.94, -13.01, -11.05, -8.37, -7.23, -7.81, -9.54, -10.29, -8.64, -7.34, -6.75, -7.39, -8.71, -9.45, -8.18, -8.18, -7.02, -6.99, -7.35, -8.18, -9.83, -11.16, -10.55, -9.91, -9.00, -8.52, -8.70, -10.28, -12.38, -14.51, -14.51
2026-03-11, 20:46:34, 488587852, 491386574, 87460.06, 256, -17.14, -16.10, -15.83, -14.13, -12.63, -10.80, -9.39, -9.02, -7.99, -8.06, -7.37, -7.31, -6.72, -7.35, -7.25, -7.47, -8.25, -8.25, -8.75, -9.12, -9.71, -9.89, -10.74, -10.55, -10.79, -11.71, -11.77, -12.14, -12.68, -14.12, -15.75, -17.27, -17.27
2026-03-11, 20:46:34, 491386574, 494185296, 87460.06, 256, -18.57, -18.42, -15.68, -14.39, -13.27, -12.57, -11.77, -12.12, -12.01, -12.32, -11.31, -12.08, -12.29, -12.01, -11.39, -11.12, -11.58, -11.58, -11.01, -11.90, -11.78, -11.67, -12.33, -12.25, -11.80, -12.12, -12.50, -12.48, -13.59, -14.06, -15.68, -18.22, -18.22
2026-03-11, 20:46:34, 494185296, 496984018, 87460.06, 256, -17.78, -17.08, -15.66, -13.64, -12.44, -12.27, -11.34, -11.19, -11.07, -11.15, -10.93, -11.19, -10.52, -10.89, -10.66, -10.87, -10.40, -10.40, -10.55, -10.36, -10.58, -10.25, -10.67, -10.25, -10.57, -9.75, -10.66, -11.33, -12.37, -13.10, -14.73, -15.94, -15.94
2026-03-11, 20:46:34, 496984018, 499782740, 87460.06, 256, -14.21, -14.35, -12.57, -10.94, -9.47, -8.53, -7.40, -7.11, -6.82, -6.43, -6.35, -6.15, -6.75, -7.20, -6.69, -7.67, -8.46, -8.46, -8.62, -8.78, -7.93, -7.28, -6.58, -5.65, -5.72, -5.21, -6.50, -7.38, -9.12, -10.97, -12.25, -13.68, -13.68
2026-03-11, 20:46:34, 499782740, 502581462, 87460.06, 256, -13.91, -11.99, -3.31, -9.44, -9.14, -8.99, -8.48, -6.78, -5.90, -5.81, -6.62, -7.99, -8.41, -6.60, -5.43, -4.88, -7.44, -7.44, -7.42, -5.64, -5.04, -5.88, -7.66, -7.98, -5.89, -5.20, -6.98, -8.57, -7.79, -7.93, -10.78, -13.89, -13.89
2026-03-11, 20:46:34, 502581462, 505380184, 87460.06, 256, -12.78, -11.10, -10.38, -10.79, -7.25, -5.28, -6.10, -7.08, -5.56, -4.72, -7.08, -6.54, -4.37, -5.65, -5.90, -3.55, -6.88, -6.88, -4.47, -4.62, -6.28, -4.33, -4.36, -7.18, -4.44, -5.27, -6.78, -4.48, -7.18, -9.32, -8.67, -12.18, -12.18
2026-03-11, 20:46:34, 505380184, 508178906, 87460.06, 256, -10.81, -10.50, -10.63, -6.60, -6.54, -5.40, -4.39, -6.39, -3.52, -5.54, -4.47, -4.41, -5.02, -3.51, -5.64, -3.08, -3.19, -3.19, -4.86, -3.74, -3.83, -5.38, -3.84, -4.91, -3.80, -5.28, -3.31, -7.33, -4.76, -6.87, -8.18, -11.02, -11.02
2026-03-11, 20:46:34, 508178906, 510977628, 87460.06, 256, -10.75, -11.20, -8.40, -7.09, -5.53, -4.98, -3.73, -4.87, -3.55, -3.93, -5.28, -2.35, -5.64, -2.43, -4.22, -3.57, -4.54, -4.54, -2.19, -4.95, -2.95, -3.64, -4.58, -2.28, -5.32, -2.18, -4.76, -4.20, -4.75, -7.02, -7.88, -9.77, -9.77
2026-03-11, 20:46:34, 510977628, 513776350, 87460.06, 256, -10.91, -11.06, -7.43, -8.10, -4.17, -4.81, -3.99, -4.65, -3.10, -4.96, -3.01, -3.94, -3.09, -3.67, -3.19, -3.76, -2.69, -2.69, -3.79, -2.31, -4.03, -2.90, -5.03, -3.11, -3.81, -3.76, -3.12, -5.21, -4.28, -6.98, -8.40, -9.67, -9.67
2026-03-11, 20:46:34, 513776350, 516575072, 87460.06, 256, -10.90, -9.72, -9.41, -6.94, -4.52, -5.39, -3.34, -4.29, -4.79, -2.70, -4.31, -3.68, -2.92, -4.40, -3.22, -2.24, -3.30, -3.30, -2.97, -4.43, -3.92, -2.65, -3.73, -4.52, -2.84, -4.36, -5.30, -3.83, -4.96, -7.43, -8.62, -9.48, -9.48
2026-03-11, 20:46:34, 516575072, 519373794, 87460.06, 256, -10.36, -11.01, -7.30, -4.71, -5.88, -6.18, -3.37, -1.91, -3.66, -5.08, -3.35, -2.21, -3.31, -5.18, -3.93, -2.32, -3.26, -3.26, -5.33, -3.99, -1.83, -1.55, -3.77, -5.75, -4.81, -2.89, -2.02, -3.28, -5.79, -8.37, -9.17, -9.50, -9.50
2026-03-11, 20:46:34, 519373794, 522172516, 87460.06, 256, -9.26, -8.82, -7.66, -8.10, -7.01, -5.16, -3.37, -2.32, -1.89, -2.82, -3.54, -5.19, -5.40, -5.24, -4.16, -3.26, -2.18, -2.18, -2.54, -2.79, -3.35, -4.21, -4.79, -5.86, -6.12, -5.26, -5.47, -4.80, -5.40, -6.13, -7.83, -9.35, -9.35
2026-03-11, 20:46:34, 522172516, 524971238, 87460.06, 256, -10.83, -9.62, -7.74, -5.78, -5.28, -3.96, -3.77, -4.60, -3.70, -4.17, -4.98, -4.97, -5.15, -4.75, -4.72, -5.23, -4.67, -4.67, -5.36, -5.22, -5.45, -5.97, -6.11, -5.87, -5.75, -5.82, -6.10, -6.63, -7.16, -8.53, -9.36, -11.13, -11.13
2026-03-11, 20:46:34, 524971238, 527769960, 87460.06, 256, -12.63, -12.11, -10.55, -8.81, -7.73, -6.65, -6.09, -6.27, -5.33, -5.60, -5.88, -5.83, -5.76, -5.87, -5.58, -4.77, -4.89, -4.89, -4.79, -5.75, -5.65, -5.38, -5.98, -5.26, -5.71, -6.24, -5.39, -6.21, -6.77, -8.38, -10.26, -11.53, -11.53
2026-03-11, 20:46:34, 527769960, 530568682, 87460.06, 256, -11.01, -10.42, -8.94, -6.77, -4.99, -4.36, -4.65, -3.62, -3.55, -3.22, -3.69, -3.04, -2.97, -3.07, -2.32, -2.72, -3.25, -3.25, -2.92, -3.41, -4.30, -4.50, -4.24, -3.81, -3.62, -3.49, -3.36, -3.96, -4.49, -5.27, -7.53, -10.35, -10.35
2026-03-11, 20:46:34, 530568682, 533367404, 87460.06, 256, -11.32, -10.29, -9.23, -6.55, -5.26, -3.23, -3.50, -2.96, -4.01, -4.15, -4.02, -3.77, -2.82, -2.79, -2.88, -3.36, -3.43, -3.43, -2.96, -2.40, -2.80, -3.77, -4.76, -3.88, -2.51, -2.41, -4.24, -5.65, -5.32, -5.60, -6.99, -9.98, -9.98
2026-03-11, 20:46:34, 533367404, 536166126, 87460.06, 256, -10.59, -9.77, -6.42, -5.67, -5.41, -4.28, -2.63, -3.19, -3.31, -3.72, -2.37, -3.13, -3.87, -2.65, -2.70, -2.66, -2.52, -2.52, -2.22, -3.47, -3.17, -2.78, -3.43, -3.47, -2.38, -3.43, -4.24, -3.19, -4.69, -6.74, -7.70, -8.88, -8.88
2026-03-11, 20:46:34, 536166126, 538964848, 87460.06, 256, -9.77, -8.67, -7.62, -5.83, -3.52, -3.60, -3.37, -1.85, -3.14, -2.65, -2.99, -3.31, -2.17, -3.34, -2.57, -2.13, -1.75, -1.75, -3.05, -2.38, -3.00, -2.60, -2.54, -3.74, -2.42, -2.82, -2.91, -4.00, -4.46, -5.87, -7.69, -8.83, -8.83
2026-03-11, 20:46:34, 538964848, 541763570, 87460.06, 256, -10.14, -9.36, -8.49, -5.59, -5.06, -4.11, -3.63, -2.33, -3.42, -2.57, -3.24, -2.91, -3.00, -2.01, -3.55, -1.94, -2.89, -2.89, -2.33, -3.19, -3.04, -2.73, -3.48, -3.16, -3.13, -3.90, -3.32, -4.60, -4.90, -5.99, -8.22, -9.28, -9.28
2026-03-11, 20:46:34, 541763570, 544562292, 87460.06, 256, -10.74, -8.75, -8.20, -5.51, -5.00, -4.06, -3.73, -3.19, -3.37, -3.30, -3.59, -3.84, -2.55, -3.87, -2.14, -2.81, -2.32, -2.32, -2.30, -3.18, -2.94, -3.02, -2.84, -2.75, -1.86, -3.15, -2.58, -3.90, -4.54, -6.45, -7.16, -9.31, -9.31
2026-03-11, 20:46:34, 544562292, 547361014, 87460.06, 256, -11.75, -10.02, -8.06, -6.84, -5.55, -3.77, -4.22, -3.00, -3.65, -3.62, -3.48, -4.47, -3.48, -3.86, -3.75, -3.15, -2.95, -2.95, -3.64, -3.67, -3.87, -4.63, -3.88, -4.36, -4.61, -4.58, -4.31, -4.80, -5.20, -7.24, -6.40, -10.22, -10.22
2026-03-11, 20:46:34, 547361014, 550159736, 87460.06, 256, -11.62, -10.45, -8.35, -7.31, -5.96, -4.17, -5.17, -4.54, -4.01, -4.41, -4.68, -3.91, -4.64, -4.80, -3.74, -4.14, -4.10, -4.10, -3.73, -4.14, -4.43, -5.06, -3.97, -4.79, -5.05, -4.63, -5.08, -4.83, -6.35, -8.06, -9.14, -10.11, -10.11
2026-03-11, 20:46:34, 550159736, 552958458, 87460.06, 256, -11.92, -11.13, -9.06, -7.30, -6.45, -5.19, -5.58, -4.79, -4.94, -4.59, -4.80, -5.25, -4.91, -3.95, -4.15, -4.07, -4.32, -4.32, -4.96, -4.77, -4.51, -4.45, -5.11, -4.41, -5.18, -5.45, -4.89, -5.36, -6.25, -7.80, -9.73, -10.82, -10.82
2026-03-11, 20:46:34, 552958458, 555757180, 87460.06, 256, -12.46, -11.23, -9.91, -8.04, -6.98, -5.40, -4.86, -5.11, -4.43, -4.82, -5.47, -5.12, -4.95, -5.07, -5.49, -4.67, -4.70, -4.70, -5.28, -5.16, -5.09, -5.56, -5.27, -5.43, -5.25, -5.63, -5.76, -6.13, -7.58, -8.25, -10.79, -12.06, -12.06
2026-03-11, 20:46:34, 555757180, 558555902, 87460.06, 256, -12.42, -11.45, -9.83, -7.60, -6.84, -5.77, -5.88, -5.33, -5.59, -5.45, -5.46, -5.48, -5.95, -5.46, -5.43, -4.93, -5.21, -5.21, -5.10, -5.30, -5.12, -5.98, -5.54, -6.43, -6.19, -6.08, -6.10, -6.20, -7.09, -8.80, -10.10, -11.90, -11.90
2026-03-11, 20:46:34, 558555902, 561354624, 87460.06, 256, -13.78, -12.51, -10.69, -8.89, -7.93, -6.78, -6.52, -6.18, -6.32, -6.06, -6.38, -6.43, -5.62, -5.30, -5.67, -4.90, -5.69, -5.69, -5.44, -5.74, -5.84, -6.22, -6.63, -6.65, -6.55, -6.88, -7.03, -7.55, -8.34, -9.64, -11.25, -12.36, -12.36
2026-03-11, 20:46:34, 561354624, 564153346, 87460.06, 256, -13.96, -12.98, -10.89, -9.72, -8.09, -7.51, -6.85, -6.90, -6.60, -6.54, -6.99, -7.06, -6.89, -6.78, -6.61, -6.60, -6.17, -6.17, -6.71, -6.65, -7.30, -7.38, -7.38, -6.74, -6.73, -7.18, -7.22, -7.99, -8.74, -10.20, -11.30, -13.94, -13.94
2026-03-11, 20:46:34, 564153346, 566952068, 87460.06, 256, -15.02, -14.27, -12.47, -9.79, -9.78, -8.75, -8.73, -8.06, -8.11, -7.86, -8.58, -7.71, -7.73, -8.20, -7.70, -8.11, -7.99, -7.99, -7.66, -8.17, -8.88, -8.25, -9.00, -8.10, -8.34, -8.38, -8.73, -9.44, -10.00, -11.48, -13.36, -14.37, -14.37
2026-03-11, 20:46:34, 566952068, 569750790, 87460.06, 256, -16.67, -14.88, -12.93, -11.48, -9.92, -9.06, -8.82, -8.48, -8.65, -8.55, -9.12, -8.03, -8.19, -8.04, -8.29, -8.05, -8.63, -8.63, -8.27, -8.81, -8.28, -9.14, -9.20, -8.95, -9.20, -8.95, -9.45, -10.22, -10.64, -12.21, -13.60, -15.30, -15.30
2026-03-11, 20:46:34, 569750790, 572549512, 87460.06, 256, -17.44, -15.96, -13.78, -12.50, -11.22, -10.41, -10.08, -10.05, -10.28, -10.27, -10.25, -9.93, -9.55, -10.10, -9.38, -9.52, -9.70, -9.70, -9.24, -9.46, -9.95, -10.07, -10.20, -10.16, -9.58, -9.76, -9.95, -10.33, -11.44, -13.08, -14.96, -15.98, -15.98
2026-03-11, 20:46:34, 572549512, 575348234, 87460.06, 256, -18.06, -16.77, -15.05, -13.20, -12.09, -10.83, -11.47, -10.67, -10.91, -10.64, -10.96, -11.14, -11.06, -10.27, -10.63, -10.42, -10.53, -10.53, -10.67, -10.51, -11.44, -11.52, -11.24, -11.51, -11.08, -11.45, -11.65, -11.91, -12.48, -14.62, -16.21, -17.78, -17.78
2026-03-11, 20:46:34, 575348234, 578146956, 87460.06, 256, -19.05, -18.12, -16.35, -14.62, -12.73, -12.10, -11.40, -10.75, -11.93, -11.58, -11.79, -11.73, -11.34, -11.60, -11.58, -10.79, -11.56, -11.56, -11.46, -12.26, -11.85, -11.34, -11.93, -12.05, -12.49, -12.67, -12.26, -12.88, -13.81, -14.66, -16.70, -17.75, -17.75
2026-03-11, 20:46:34, 578146956, 580945678, 87460.06, 256, -19.89, -18.35, -16.18, -15.03, -13.91, -12.25, -12.30, -12.12, -11.88, -12.53, -12.42, -12.16, -12.43, -11.56, -12.01, -11.48, -12.09, -12.09, -11.52, -12.05, -11.71, -9.45, -12.10, -12.36, -12.63, -12.34, -12.79, -12.61, -14.32, -14.94, -16.83, -18.73, -18.73
2026-03-11, 20:46:34, 580945678, 583744400, 87460.06, 256, -19.73, -18.99, -17.04, -15.71, -14.31, -13.42, -12.92, -12.65, -12.20, -13.15, -12.93, -12.23, -12.68, -12.52, -11.68, -12.13, -12.70, -12.70, -12.85, -12.92, -12.93, -12.69, -12.60, -13.04, -12.55, -13.05, -13.10, -13.20, -14.44, -15.62, -16.94, -19.11, -19.11
2026-03-11, 20:46:34, 583744400, 586543122, 87460.06, 256, -20.53, -19.89, -17.67, -16.42, -15.35, -14.44, -13.56, -13.85, -13.86, -13.43, -13.55, -13.67, -13.83, -13.94, -13.47, -12.87, -13.29, -13.29, -13.23, -13.54, -13.79, -13.64, -13.68, -13.75, -13.50, -13.31, -13.79, -14.40, -14.49, -15.94, -17.32, -19.73, -19.73
2026-03-11, 20:46:34, 586543122, 589341844, 87460.06, 256, -18.92, -17.82, -16.09, -14.40, -13.35, -12.50, -11.99, -12.25, -12.38, -12.80, -12.55, -12.94, -12.87, -12.28, -12.51, -12.24, -12.07, -12.07, -11.88, -13.09, -12.93, -13.34, -13.44, -13.62, -13.17, -13.57, -13.31, -14.38, -14.48, -16.18, -17.70, -18.87, -18.87
2026-03-11, 20:46:34, 589341844, 592140566, 87460.06, 256, -19.47, -18.58, -16.55, -14.66, -13.45, -12.94, -11.84, -11.64, -11.76, -11.74, -12.13, -11.52, -10.56, -11.30, -11.32, -11.36, -10.95, -10.95, -11.59, -11.98, -12.41, -12.25, -12.33, -12.16, -12.71, -13.26, -12.83, -13.66, -14.28, -15.51, -17.82, -18.68, -18.68
2026-03-11, 20:46:34, 592140566, 594939288, 87460.06, 256, -21.35, -19.77, -18.19, -16.61, -15.43, -14.69, -14.35, -13.95, -13.75, -13.96, -14.42, -14.05, -14.08, -13.26, -13.36, -13.60, -13.53, -13.53, -13.55, -14.11, -13.52, -13.98, -14.26, -14.76, -15.09, -14.38, -14.96, -15.20, -15.83, -17.47, -18.61, -20.42, -20.42
2026-03-11, 20:46:34, 594939288, 597738010, 87460.06, 256, -21.86, -20.80, -19.23, -16.67, -16.16, -14.63, -15.12, -14.60, -14.93, -14.56, -14.73, -14.86, -14.52, -14.55, -14.01, -14.29, -14.10, -14.10, -14.73, -15.21, -14.90, -14.88, -15.25, -14.77, -14.98, -15.22, -15.32, -15.97, -16.37, -17.74, -19.21, -21.44, -21.44
2026-03-11, 20:46:34, 597738010, 600536732, 87460.06, 256, -22.72, -21.34, -19.82, -18.18, -17.05, -16.42, -14.98, -14.87, -15.49, -15.25, -15.42, -15.28, -15.01, -15.09, -14.76, -14.71, -15.44, -15.44, -15.20, -14.88, -15.84, -15.21, -15.37, -15.59, -15.51, -15.24, -10.74, -16.50, -17.29, -18.74, -20.46, -21.79, -21.79
2026-03-11, 20:46:34, 600536732, 603335454, 87460.06, 256, -23.12, -21.80, -20.45, -18.59, -17.82, -16.47, -15.71, -15.87, -15.76, -16.39, -15.73, -16.46, -15.94, -16.04, -15.53, -14.99, -15.54, -15.54, -16.05, -15.52, -15.94, -15.84, -16.60, -16.81, -16.21, -16.19, -16.79, -16.97, -17.76, -19.33, -21.09, -22.03, -22.03
2026-03-11, 20:46:34, 603335454, 606134176, 87460.06, 256, -23.80, -23.17, -21.25, -19.55, -18.08, -17.25, -17.35, -17.30, -17.06, -16.66, -17.09, -16.45, -16.85, -16.47, -16.58, -16.69, -11.60, -11.60, -16.17, -17.15, -17.41, -16.95, -16.96, -16.63, -17.39, -17.31, -17.68, -18.36, -18.94, -20.06, -21.53, -23.08, -23.08
2026-03-11, 20:46:34, 606134176, 608932898, 87460.06, 256, -24.78, -23.82, -22.24, -20.40, -18.95, -18.37, -18.25, -17.72, -17.77, -17.94, -18.08, -17.92, -17.82, -16.99, -17.42, -17.03, -16.98, -16.98, -17.82, -17.72, -17.84, -17.61, -18.19, -17.76, -18.23, -17.09, -18.52, -18.57, -19.47, -21.30, -22.36, -24.15, -24.15
2026-03-11, 20:46:34, 608932898, 611731620, 87460.06, 256, -25.10, -24.74, -22.37, -20.59, -19.49, -18.88, -18.32, -18.02, -18.33, -18.67, -18.27, -18.26, -18.55, -18.12, -17.72, -17.87, -17.41, -17.41, -18.60, -18.42, -18.64, -18.58, -18.16, -19.28, -18.76, -18.35, -19.48, -19.24, -19.85, -21.87, -22.77, -24.31, -24.31
2026-03-11, 20:46:34, 611731620, 614530342, 87460.06, 256, -25.46, -24.78, -23.13, -21.30, -20.26, -19.51, -18.92, -19.18, -18.64, -18.61, -18.55, -18.18, -18.15, -18.53, -18.53, -17.89, -17.83, -17.83, -18.07, -17.85, -19.11, -18.60, -18.54, -18.94, -18.89, -18.58, -19.07, -19.22, -19.93, -21.62, -21.94, -24.06, -24.06
2026-03-11, 20:46:34, 614530342, 617329064, 87460.06, 256, -24.64, -24.25, -22.06, -21.33, -20.27, -19.62, -18.47, -18.06, -18.66, -18.92, -18.57, -17.95, -17.88, -18.11, -17.99, -17.67, -17.40, -17.40, -17.16, -17.55, -17.96, -17.81, -17.50, -17.51, -17.92, -17.42, -17.67, -17.92, -19.48, -19.58, -21.69, -23.22, -23.22
2026-03-11, 20:46:34, 617329064, 620127786, 87460.06, 256, -17.05, -18.54, -16.08, -13.76, -11.46, -10.94, -9.79, -10.62, -8.86, -9.03, -8.70, -8.11, -8.22, -10.02, -7.51, -8.86, -8.64, -8.64, -8.12, -8.67, -6.59, -8.09, -9.58, -10.42, -9.37, -10.16, -11.01, -11.08, -12.99, -11.17, -14.24, -16.52, -16.52
2026-03-11, 20:46:34, 620127786, 622926508, 87460.06, 256, -17.19, -15.99, -15.04, -14.70, -12.43, -12.32, -11.78, -11.59, -11.68, -11.56, -11.65, -11.55, -10.48, -10.68, -8.17, -6.11, -3.08, -3.08, -3.23, -3.84, -4.95, -5.16, -4.78, -5.51, -5.90, -5.09, -5.50, -10.14, -12.83, -14.94, -15.82, -17.66, -17.66
2026-03-11, 20:46:34, 622926508, 625725230, 87460.06, 256, -18.75, -17.68, -15.47, -14.10, -14.32, -11.18, -11.65, -11.66, -9.49, -11.02, -11.00, -11.20, -10.86, -11.33, -12.24, -10.65, -10.06, -10.06, -11.19, -12.04, -11.82, -11.31, -11.23, -7.55, -9.79, -11.21, -10.79, -11.73, -13.73, -15.40, -16.52, -18.02, -18.02
2026-03-11, 20:46:34, 625725230, 628523952, 87460.06, 256, -21.37, -19.47, -16.31, -16.64, -14.54, -13.99, -14.48, -13.54, -14.62, -16.32, -16.55, -16.63, -16.09, -16.46, -16.33, -16.18, -16.20, -16.20, -15.97, -16.09, -16.88, -16.37, -16.39, -16.28, -16.74, -16.65, -16.67, -16.93, -17.98, -18.90, -20.53, -21.96, -21.96
2026-03-11, 20:46:34, 628523952, 631322674, 87460.06, 256, -23.31, -22.17, -20.52, -19.40, -18.14, -16.86, -16.20, -16.53, -15.76, -16.80, -16.62, -16.49, -16.01, -15.82, -15.67, -16.03, -15.59, -15.59, -16.00, -16.24, -16.31, -15.78, -16.66, -16.70, -16.68, -16.27, -16.67, -17.15, -18.15, -19.46, -20.73, -22.67, -22.67
2026-03-11, 20:46:34, 631322674, 634121396, 87460.06, 256, -24.02, -22.65, -21.23, -19.45, -18.44, -17.31, -16.91, -16.40, -16.76, -16.46, -16.72, -16.67, -16.28, -16.53, -16.08, -15.77, -15.78, -15.78, -16.51, -16.86, -16.92, -17.22, -16.89, -17.38, -16.88, -16.55, -10.03, -17.77, -18.70, -19.85, -21.38, -22.92, -22.92
2026-03-11, 20:46:34, 634121396, 636920118, 87460.06, 256, -23.99, -23.70, -21.12, -19.59, -18.72, -18.18, -16.91, -17.12, -17.14, -17.34, -17.16, -16.72, -17.11, -16.49, -16.99, -16.32, -16.08, -16.08, -16.62, -16.96, -16.83, -17.02, -17.31, -17.02, -17.45, -17.37, -17.53, -17.86, -18.73, -19.75, -22.01, -23.29, -23.29
2026-03-11, 20:46:34, 636920118, 639718840, 87460.06, 256, -24.25, -22.95, -21.80, -19.74, -18.77, -17.42, -17.34, -16.92, -17.05, -17.22, -17.47, -16.81, -16.72, -16.75, -16.46, -16.72, -16.26, -16.26, -16.61, -16.91, -16.91, -16.89, -17.28, -17.09, -17.04, -16.50, -17.31, -17.97, -18.91, -19.63, -21.14, -23.06, -23.06
2026-03-11, 20:46:34, 639718840, 642517562, 87460.06, 256, -23.44, -23.36, -21.28, -19.85, -18.77, -17.61, -17.24, -17.10, -16.96, -16.70, -16.03, -16.41, -15.93, -16.13, -15.95, -15.64, -16.22, -16.22, -15.97, -16.24, -16.35, -16.57, -16.56, -17.20, -16.55, -16.22, -16.18, -16.84, -17.75, -18.93, -20.72, -22.58, -22.58
2026-03-11, 20:46:34, 642517562, 645316284, 87460.06, 256, -22.94, -22.35, -20.85, -18.94, -17.89, -16.82, -16.27, -16.16, -15.30, -16.42, -15.94, -16.05, -16.42, -15.38, -15.42, -15.16, -15.43, -15.43, -15.67, -15.73, -15.66, -15.69, -16.19, -15.99, -16.21, -15.72, -16.48, -16.37, -17.37, -18.03, -19.77, -21.60, -21.60
2026-03-11, 20:46:34, 645316284, 648115006, 87460.06, 256, -22.00, -21.77, -19.90, -18.37, -16.80, -16.20, -15.27, -15.03, -15.42, -15.05, -15.49, -15.72, -15.43, -15.15, -14.88, -15.09, -14.41, -14.41, -14.59, -15.25, -15.25, -15.95, -15.29, -15.34, -15.10, -14.99, -15.33, -15.99, -17.12, -17.70, -19.37, -19.85, -19.85
2026-03-11, 20:46:34, 648115006, 650913728, 87460.06, 256, -22.62, -21.39, -19.54, -18.06, -16.96, -15.63, -15.34, -15.53, -15.30, -15.15, -16.02, -15.21, -14.93, -14.39, -14.52, -14.92, -14.27, -14.27, -14.86, -14.55, -14.62, -15.04, -14.91, -14.84, -14.76, -14.52, -15.30, -15.59, -16.49, -17.41, -19.30, -21.01, -21.01
2026-03-11, 20:46:34, 650913728, 653712450, 87460.06, 256, -20.19, -20.29, -19.54, -17.54, -16.15, -15.18, -14.51, -14.30, -14.46, -14.67, -14.74, -14.37, -14.35, -13.90, -13.61, -14.11, -12.75, -12.75, -12.88, -12.29, -12.30, -12.17, -11.99, -11.66, -11.63, -11.88, -11.87, -12.21, -13.18, -14.60, -16.03, -18.78, -18.78
2026-03-11, 20:46:34, 653712450, 656511172, 87460.06, 256, -19.07, -18.87, -17.74, -16.95, -15.29, -14.35, -13.81, -12.01, -12.11, -11.30, -10.92, -10.45, -10.45, -11.08, -12.75, -12.82, -13.33, -13.33, -12.51, -11.99, -11.07, -10.25, -10.14, -10.20, -12.43, -13.54, -13.88, -13.36, -12.21, -12.70, -14.86, -17.31, -17.31
2026-03-11, 20:46:34, 656511172, 659309894, 87460.06, 256, -18.39, -19.05, -16.27, -12.85, -10.42, -9.92, -10.19, -12.23, -12.42, -11.37, -9.94, -8.95, -9.48, -11.98, -11.99, -9.82, -8.75, -8.75, -10.58, -12.23, -10.68, -8.55, -9.03, -10.93, -11.81, -10.04, -8.31, -10.04, -13.09, -14.42, -14.34, -15.85, -15.85
2026-03-11, 20:46:34, 659309894, 662108616, 87460.06, 256, -18.32, -17.37, -13.20, -11.10, -11.67, -11.97, -8.42, -7.68, -10.69, -11.72, -8.32, -8.68, -11.10, -9.72, -7.25, -8.37, -8.08, -8.08, -7.92, -10.89, -10.16, -7.76, -9.62, -9.67, -7.28, -8.71, -11.32, -9.10, -9.87, -12.89, -12.33, -14.78, -14.78
2026-03-11, 20:46:34, 662108616, 664907338, 87460.06, 256, -16.80, -14.81, -13.37, -11.45, -10.24, -11.47, -12.66, -9.49, -10.91, -9.75, -8.31, -12.05, -8.66, -7.49, -10.34, -8.04, -10.26, -10.26, -8.83, -11.37, -8.27, -10.16, -8.41, -6.94, -11.24, -8.04, -9.76, -9.92, -11.79, -13.87, -12.83, -17.15, -17.15
2026-03-11, 20:46:34, 664907338, 667706060, 87460.06, 256, -15.49, -14.74, -11.25, -11.24, -10.12, -7.21, -8.80, -7.72, -8.87, -6.03, -9.65, -6.97, -7.76, -7.10, -9.17, -5.79, -7.37, -7.37, -6.89, -6.46, -8.60, -6.86, -7.90, -8.08, -7.61, -6.53, -9.74, -6.76, -10.21, -10.11, -12.18, -13.60, -13.60
2026-03-11, 20:46:34, 667706060, 670504782, 87460.06, 256, -15.09, -11.92, -14.60, -9.57, -9.21, -8.62, -7.07, -9.66, -6.09, -8.80, -7.24, -7.69, -7.54, -6.97, -7.93, -6.51, -7.17, -7.17, -6.71, -8.05, -6.42, -8.71, -7.28, -6.91, -9.08, -6.32, -10.30, -6.74, -9.88, -10.65, -11.69, -14.34, -14.34
2026-03-11, 20:46:34, 670504782, 673303504, 87460.06, 256, -15.75, -15.21, -13.10, -12.80, -9.68, -11.44, -8.13, -9.13, -9.12, -9.06, -8.41, -10.94, -8.31, -9.39, -7.94, -8.81, -9.78, -9.78, -8.28, -8.42, -9.51, -9.30, -8.85, -9.20, -9.84, -8.02, -9.91, -9.15, -11.48, -10.82, -14.24, -15.99, -15.99
2026-03-11, 20:46:34, 673303504, 676102226, 87460.06, 256, -15.19, -14.07, -11.39, -12.81, -8.75, -8.42, -8.84, -7.43, -8.60, -6.15, -9.23, -8.08, -6.17, -8.76, -6.18, -8.75, -6.03, -6.03, -8.26, -7.53, -7.88, -9.11, -6.50, -8.27, -8.45, -6.72, -9.43, -7.66, -8.72, -12.08, -12.66, -13.76, -13.76
2026-03-11, 20:46:34, 676102226, 678900948, 87460.06, 256, -15.74, -13.20, -10.73, -11.28, -9.30, -7.69, -9.85, -7.45, -5.44, -8.42, -9.00, -6.28, -7.87, -9.67, -6.43, -6.00, -7.71, -7.71, -5.52, -8.30, -10.04, -6.55, -6.58, -8.93, -8.53, -6.65, -7.01, -10.28, -10.56, -8.96, -11.43, -15.09, -15.09
2026-03-11, 20:46:34, 678900948, 681699670, 87460.06, 256, -15.00, -12.66, -12.14, -12.08, -10.53, -8.47, -7.00, -8.53, -9.64, -8.58, -6.70, -7.83, -8.88, -10.00, -7.24, -6.41, -9.11, -9.11, -10.96, -8.20, -6.83, -7.34, -8.92, -10.73, -9.91, -7.53, -7.34, -7.63, -10.21, -12.87, -14.60, -14.35, -14.35
2026-03-11, 20:46:34, 681699670, 684498392, 87460.06, 256, -16.63, -14.96, -14.06, -13.74, -13.24, -11.86, -9.87, -8.93, -8.38, -9.08, -9.46, -10.85, -11.23, -11.54, -10.03, -8.58, -8.41, -8.41, -8.36, -9.46, -10.45, -11.59, -11.88, -11.32, -10.36, -9.51, -8.96, -9.16, -10.06, -11.03, -13.57, -15.77, -15.77
2026-03-11, 20:46:34, 684498392, 687297114, 87460.06, 256, -18.51, -17.87, -16.16, -14.73, -13.64, -12.15, -11.13, -10.62, -10.32, -9.29, -8.98, -8.93, -7.74, -8.49, -8.50, -7.63, -8.83, -8.83, -8.75, -10.04, -10.22, -10.01, -11.52, -11.51, -11.23, -11.19, -12.49, -12.63, -13.94, -15.22, -16.97, -18.25, -18.25
2026-03-11, 20:46:34, 687297114, 690095836, 87460.06, 256, -20.59, -18.91, -17.60, -15.66, -14.88, -13.98, -13.95, -13.74, -12.92, -13.31, -13.31, -14.08, -13.78, -13.57, -12.84, -11.78, -13.11, -13.11, -13.37, -13.70, -13.26, -13.65, -13.30, -13.75, -13.29, -13.87, -13.93, -14.39, -14.86, -16.79, -17.63, -19.46, -19.46
2026-03-11, 20:46:34, 690095836, 692894558, 87460.06, 256, -21.02, -19.74, -18.08, -16.82, -15.45, -15.11, -14.84, -13.71, -13.53, -13.26, -13.84, -13.48, -13.11, -12.55, -13.68, -13.08, -13.59, -13.59, -12.82, -13.50, -13.83, -14.23, -13.89, -13.46, -13.96, -14.25, -13.78, -14.24, -15.29, -17.02, -18.86, -20.25, -20.25
2026-03-11, 20:46:34, 692894558, 695693280, 87460.06, 256, -21.15, -20.05, -18.60, -17.09, -14.70, -14.88, -14.50, -13.64, -13.50, -14.00, -13.96, -14.15, -14.11, -13.29, -14.05, -13.95, -13.84, -13.84, -13.33, -13.72, -14.24, -14.09, -13.46, -13.58, -13.92, -14.24, -14.40, -14.75, -15.94, -16.52, -18.41, -20.49, -20.49
2026-03-11, 20:46:34, 695693280, 698492002, 87460.06, 256, -21.39, -20.71, -18.63, -17.13, -15.21, -14.96, -14.65, -13.82, -14.63, -14.29, -14.52, -14.28, -14.44, -14.43, -13.63, -13.48, -14.39, -14.39, -13.30, -14.36, -14.22, -14.24, -14.44, -14.51, -14.17, -14.26, -14.78, -15.28, -16.38, -17.42, -18.62, -20.36, -20.36
2026-03-11, 20:46:34, 698492002, 701290724, 87460.06, 256, -21.45, -20.91, -18.85, -17.80, -16.30, -14.95, -14.55, -14.65, -14.18, -15.00, -14.86, -14.60, -14.47, -14.04, -13.90, -13.45, -13.74, -13.74, -13.20, -14.39, -14.53, -13.91, -14.49, -14.43, -14.67, -14.68, -15.13, -15.26, -16.12, -17.33, -18.68, -20.63, -20.63
2026-03-11, 20:46:34, 701290724, 704089446, 87460.06, 256, -21.93, -21.61, -19.63, -17.27, -16.40, -15.26, -14.92, -14.32, -14.79, -15.13, -14.80, -14.49, -14.23, -14.52, -13.99, -14.58, -14.00, -14.00, -13.80, -14.36, -14.40, -14.76, -14.46, -14.60, -15.40, -15.03, -15.82, -15.80, -16.17, -17.83, -19.27, -21.54, -21.54
2026-03-11, 20:46:34, 704089446, 706888168, 87460.06, 256, -22.23, -21.26, -19.28, -17.61, -16.38, -16.04, -14.14, -15.15, -14.95, -14.63, -15.17, -15.38, -15.12, -14.84, -14.61, -14.59, -11.68, -11.68, -14.00, -14.93, -14.94, -15.64, -14.66, -15.90, -15.59, -15.45, -15.12, -15.66, -17.32, -17.90, -19.42, -21.47, -21.47
2026-03-11, 20:46:34, 706888168, 709686890, 87460.06, 256, -22.83, -22.01, -20.37, -18.84, -17.34, -16.71, -15.69, -15.88, -16.31, -16.06, -15.38, -15.45, -15.56, -15.62, -15.47, -15.68, -15.65, -15.65, -15.22, -15.86, -15.79, -15.49, -15.70, -16.07, -15.37, -16.00, -16.76, -16.47, -17.36, -18.18, -20.36, -22.41, -22.41
2026-03-11, 20:46:34, 709686890, 712485612, 87460.06, 256, -23.22, -22.23, -20.14, -19.03, -17.62, -16.47, -16.61, -15.94, -15.90, -16.64, -16.74, -16.57, -16.60, -16.01, -16.12, -15.54, -15.75, -15.75, -16.31, -16.51, -15.83, -16.41, -16.98, -16.53, -16.19, -16.04, -16.36, -16.40, -18.04, -19.21, -20.52, -22.09, -22.09
2026-03-11, 20:46:34, 712485612, 715284334, 87460.06, 256, -23.65, -22.98, -21.47, -19.00, -17.41, -17.46, -17.24, -16.33, -16.48, -16.23, -17.38, -16.98, -16.94, -16.67, -16.72, -16.09, -16.20, -16.20, -16.66, -16.85, -16.58, -16.81, -16.76, -17.53, -16.99, -17.18, -17.59, -18.08, -18.33, -19.43, -20.58, -23.05, -23.05
2026-03-11, 20:46:34, 715284334, 718083056, 87460.06, 256, -23.46, -23.64, -21.88, -19.47, -18.27, -17.44, -16.64, -17.24, -17.30, -17.55, -17.48, -17.97, -17.33, -17.18, -16.52, -16.26, -16.23, -16.23, -16.38, -16.45, -16.69, -16.85, -17.47, -17.66, -17.42, -17.14, -17.50, -17.79, -18.11, -19.26, -21.94, -22.90, -22.90
2026-03-11, 20:46:34, 718083056, 720881778, 87460.06, 256, -12.37, -13.89, -14.28, -12.77, -9.61, -5.24, -3.83, -4.40, -3.85, -3.86, -3.43, -2.53, -3.13, -2.38, -1.44, -1.14, -1.17, -1.17, 0.60, -1.69, -1.08, -2.27, -0.54, -0.66, -1.52, -1.43, -2.17, -2.10, -3.62, -4.38, -6.33, -8.87, -8.87
2026-03-11, 20:46:34, 720881778, 723680500, 87460.06, 256, -2.99, -0.34, 0.93, 1.60, 3.76, 4.07, nan, 4.67, 3.94, 3.92, 4.03, 3.87, 4.13, 4.11, 4.14, 4.11, 4.48, 4.48, 3.62, 4.15, 3.83, 3.12, 3.18, 3.07, 2.71, 2.48, 2.66, 1.98, 0.94, -0.30, -1.94, -2.62, -2.62
2026-03-11, 20:46:34, 723680500, 726479222, 87460.06, 256, -5.62, -3.25, -1.82, -0.06, 0.86, 1.58, 2.63, 2.20, 2.91, nan, 2.78, 1.03, 1.85, 1.39, 1.67, 1.60, 2.02, 2.02, 2.01, 2.17, 2.57, 1.86, 2.18, 2.48, 2.55, 2.70, 1.53, 0.23, -1.49, -3.43, -5.05, -5.61, -5.61
2026-03-11, 20:46:34, 726479222, 729277944, 87460.06, 256, -13.70, -12.28, -8.29, -6.36, -5.29, -4.65, -3.71, -3.55, -4.14, -3.63, -3.49, -5.91, -14.91, -15.85, -16.90, -16.58, -17.36, -17.36, -16.50, -16.97, -17.00, -17.30, -17.04, -16.55, -16.00, -16.65, -17.13, -17.13, -17.65, -17.38, -19.14, -16.38, -16.38
2026-03-11, 20:46:34, 729277944, 732076666, 87460.06, 256, -23.46, -23.89, -23.24, -21.78, -20.21, -18.91, -19.14, -18.35, -17.90, -17.37, -15.97, -9.07, -4.51, -9.23, -15.48, -16.28, -15.95, -15.95, -16.97, -17.42, -16.50, -17.18, -17.45, -17.33, -17.80, -17.69, -18.15, -18.57, -18.41, -18.53, -18.68, -21.11, -21.11
2026-03-11, 20:46:34, 732076666, 734875388, 87460.06, 256, -20.76, -22.22, -20.92, -19.89, -18.54, -17.41, -16.87, -15.98, -14.92, -14.45, -14.98, -13.88, -14.21, -14.52, -14.42, -13.46, -13.19, -13.19, -12.60, -13.35, -13.04, -12.77, -13.09, -12.22, -12.65, -12.21, -11.79, -12.09, -14.13, -15.87, -16.67, -18.68, -18.68
2026-03-11, 20:46:34, 734875388, 737674110, 87460.06, 256, -21.11, -18.85, -16.62, -16.31, -14.68, -13.07, -13.43, -11.57, -11.92, -11.62, -12.33, -12.40, -12.76, -12.62, -11.32, -12.49, -11.90, -11.90, -13.75, -12.92, -12.86, -14.21, -13.96, -14.56, -15.40, -15.10, -16.53, -16.43, -17.18, -18.33, -20.00, -20.78, -20.78
2026-03-11, 20:46:34, 737674110, 740472832, 87460.06, 256, -14.52, -17.21, -18.81, -18.94, -17.40, -16.28, -15.34, -16.35, -15.31, -16.16, -15.87, -14.47, -14.75, -14.76, -13.70, -14.29, -13.56, -13.56, -14.29, -14.58, -15.62, -19.61, -19.66, -19.84, -19.48, -19.77, -19.19, -18.51, -16.58, -4.86, -7.36, -9.79, -9.79
2026-03-11, 20:46:34, 740472832, 743271554, 87460.06, 256, -4.35, -2.88, -1.01, 0.95, 1.50, 2.65, 3.02, 2.85, 2.42, 1.24, -1.19, 1.58, 4.34, 4.10, 2.21, 2.75, 1.80, 1.80, 1.83, 1.24, 1.53, 1.12, 0.97, 1.51, 1.19, 1.22, 1.10, 0.04, -0.10, -0.55, -2.14, -3.57, -3.57
2026-03-11, 20:46:34, 743271554, 746070276, 87460.06, 256, -13.35, -11.09, -8.11, -6.40, -2.87, -1.78, -2.62, -2.16, -2.90, -3.12, -2.85, -2.17, -2.91, -2.77, -2.94, -2.79, -10.47, -10.47, -14.50, -16.33, -16.53, -17.21, -16.97, -15.96, -16.25, -16.45, -15.12, -16.14, -17.16, -17.09, -16.60, -16.43, -16.43
2026-03-11, 20:46:34, 746070276, 748868998, 87460.06, 256, -27.65, -27.07, -25.59, -23.49, -22.23, -21.71, -21.83, -21.89, -21.22, -20.24, -21.28, -21.09, -21.71, -21.61, -21.83, -21.39, -20.65, -20.65, -20.80, -20.90, -22.13, -22.16, -21.77, -21.62, -21.18, -21.40, -21.80, -22.29, -23.72, -24.59, -25.50, -21.16, -21.16
2026-03-11, 20:46:34, 748868998, 751667720, 87460.06, 256, -5.87, -9.51, -13.55, -16.33, -16.41, -15.89, -17.15, -15.86, -13.29, -11.83, -12.79, -12.84, -12.42, -13.68, -13.99, -14.18, -14.73, -14.73, -14.36, -15.60, -14.91, -14.60, -14.35, -13.00, -12.23, -10.75, -6.38, 3.44, 2.44, 1.84, -0.22, -2.73, -2.73
2026-03-11, 20:46:34, 751667720, 754466442, 87460.06, 256, -6.97, -4.54, -2.86, -0.54, -0.14, -3.18, -5.00, -5.64, -2.41, -3.95, -5.06, -4.22, -4.23, -3.74, -3.80, -4.36, -3.02, -3.02, -2.72, -3.59, -3.65, -0.97, -2.89, -3.02, -2.77, -3.59, -3.11, -2.56, -4.79, -5.62, -7.44, -8.54, -8.54
2026-03-11, 20:46:34, 754466442, 757265164, 87460.06, 256, -12.61, -10.52, -5.46, -6.35, -4.64, -4.36, -3.47, -2.79, -3.19, -4.79, -3.63, -3.28, -3.87, -3.60, -4.79, -15.15, -18.90, -18.90, -18.91, -18.81, -18.80, -18.03, -18.51, -17.91, -18.26, -18.05, -18.12, -17.81, -18.45, -17.86, -17.93, -16.45, -16.45
2026-03-11, 20:46:34, 757265164, 760063886, 87460.06, 256, -29.92, -29.58, -28.05, -26.47, -25.20, -24.31, -24.30, -23.73, -23.88, -23.62, -24.04, -24.39, -24.22, -21.66, -23.72, -23.56, -23.21, -23.21, -23.56, -23.44, -23.51, -23.78, -23.64, -24.06, -23.99, -23.67, -24.10, -24.88, -25.36, -26.71, -28.10, -29.33, -29.33
2026-03-11, 20:46:34, 760063886, 762862608, 87460.06, 256, -30.69, -30.08, -28.48, -27.21, -25.79, -24.69, -24.27, -24.09, -24.20, -24.34, -24.24, -24.15, -24.15, -24.17, -23.34, -23.72, -23.60, -23.60, -23.61, -24.48, -23.95, -24.15, -24.58, -24.74, -24.80, -24.73, -24.84, -25.19, -25.91, -26.69, -28.57, -30.69, -30.69
2026-03-11, 20:46:34, 762862608, 765661330, 87460.06, 256, -31.00, -30.55, -28.69, -26.42, -19.15, -24.56, -24.50, -24.29, -24.32, -24.30, -24.53, -24.76, -24.50, -24.18, -24.27, -24.32, -23.80, -23.80, -23.75, -24.06, -24.51, -24.55, -24.66, -24.59, -24.85, -24.78, -24.74, -25.14, -25.96, -27.49, -28.68, -30.69, -30.69
2026-03-11, 20:46:34, 765661330, 768460052, 87460.06, 256, -31.40, -30.25, -29.05, -27.43, -26.18, -25.40, -24.94, -24.89, -25.00, -24.10, -24.84, -24.65, -25.03, -24.01, -24.40, -24.11, -24.26, -24.26, -24.23, -24.43, -25.00, -24.75, -25.49, -24.56, -24.51, -23.75, -25.33, -23.36, -26.88, -27.31, -29.28, -30.49, -30.49
2026-03-11, 20:46:34, 768460052, 771258774, 87460.06, 256, -29.84, -30.03, -29.02, -27.78, -24.91, -23.18, -24.93, -24.18, -21.19, -5.82, -18.54, -23.03, -24.64, -25.24, -24.73, -25.12, -24.52, -24.52, -20.77, -24.99, -26.48, -26.10, -24.39, -26.03, -26.04, -25.96, -25.89, -25.40, -22.59, -27.33, -29.36, -28.75, -28.75
2026-03-11, 20:46:34, 771258774, 774057496, 87460.06, 256, -13.22, -14.39, -14.50, -14.22, -13.13, -11.66, -9.47, -6.05, 0.08, nan, -1.15, -6.68, -9.86, -11.87, -13.33, -14.62, -16.02, -16.02, -15.67, -16.34, -15.84, -15.18, -14.55, -13.43, -11.68, -8.82, -4.15, 1.42, 1.59, -5.90, -9.72, -11.62, -11.62
2026-03-11, 20:46:34, 774057496, 776856218, 87460.06, 256, -28.74, -29.37, -27.67, -25.85, -25.59, -24.36, -24.38, -24.51, -22.97, -22.49, -23.71, -23.52, -23.28, -23.24, -23.29, -22.99, -23.18, -23.18, -23.14, -23.33, -23.70, -23.87, -23.78, -23.70, -23.71, -22.98, -23.92, -23.55, -24.40, -26.27, -27.41, -29.31, -29.31
2026-03-11, 20:46:34, 776856218, 779654940, 87460.06, 256, -29.66, -28.05, -26.47, -25.29, -23.95, -23.35, -21.94, -21.92, -17.24, -17.58, -21.78, -22.16, -22.47, -22.01, -22.28, -22.51, -22.41, -22.41, -22.35, -22.31, -22.13, -22.89, -22.82, -22.38, -22.34, -21.88, -23.02, -22.49, -23.94, -25.54, -26.00, -28.48, -28.48
2026-03-11, 20:46:34, 779654940, 782453662, 87460.06, 256, -28.69, -27.99, -26.49, -24.84, -22.72, -22.43, -21.84, -21.59, -21.50, -22.29, -21.96, -22.56, -22.07, -21.71, -20.75, -21.05, -21.22, -21.22, -21.31, -21.35, -21.79, -22.17, -21.61, -21.82, -21.33, -21.50, -22.21, -22.40, -23.17, -24.32, -26.14, -27.80, -27.80
2026-03-11, 20:46:34, 782453662, 785252384, 87460.06, 256, -27.92, -27.55, -26.10, -24.21, -22.52, -22.16, -22.22, -21.09, -21.20, -21.57, -21.53, -21.51, -20.66, -20.95, -20.57, -20.94, -20.62, -20.62, -20.83, -21.28, -21.27, -21.22, -21.58, -21.34, -21.40, -21.69, -21.35, -21.24, -22.82, -24.84, -25.77, -27.43, -27.43
2026-03-11, 20:46:34, 785252384, 788051106, 87460.06, 256, -28.11, -27.34, -25.83, -24.41, -22.52, -22.20, -21.56, -21.11, -22.05, -21.55, -21.05, -21.38, -21.78, -20.92, -20.90, -20.34, -20.86, -20.86, -20.57, -21.06, -20.76, -20.77, -20.82, -21.41, -21.20, -21.24, -21.91, -22.20, -22.80, -24.06, -25.69, -27.15, -27.15
2026-03-11, 20:46:34, 788051106, 790849828, 87460.06, 256, -28.27, -27.54, -25.30, -23.78, -22.35, -21.72, -21.35, -21.59, -21.11, -20.97, -21.45, -20.94, -21.05, -20.88, -21.07, -20.97, -20.67, -20.67, -20.69, -20.32, -21.22, -21.00, -21.47, -20.53, -21.21, -20.90, -20.89, -21.75, -22.73, -23.68, -25.36, -27.18, -27.18
2026-03-11, 20:46:34, 790849828, 793648550, 87460.06, 256, -27.06, -26.69, -24.81, -23.44, -22.37, -21.42, -20.78, -20.90, -20.90, -20.82, -20.58, -20.20, -20.02, -15.32, -20.10, -20.30, -20.82, -20.82, -20.00, -20.11, -20.66, -20.58, -20.62, -20.81, -20.36, -20.90, -20.29, -21.54, -21.72, -23.66, -25.15, -27.06, -27.06
2026-03-11, 20:46:34, 793648550, 796447272, 87460.06, 256, -27.64, -26.93, -24.96, -23.92, -22.28, -21.61, -21.05, -21.24, -20.65, -20.92, -20.71, -20.94, -20.60, -20.12, -20.24, -19.89, -20.29, -20.29, -20.60, -20.46, -20.61, -20.98, -20.33, -20.44, -20.49, -20.99, -20.65, -21.02, -22.36, -23.56, -25.18, -27.32, -27.32
2026-03-11, 20:46:34, 796447272, 799245994, 87460.06, 256, -27.96, -26.73, -25.06, -23.69, -22.60, -21.54, -21.24, -20.89, -20.44, -21.28, -21.09, -20.53, -20.92, -20.67, -20.35, -20.42, -20.76, -20.76, -20.43, -20.90, -20.86, -20.80, -21.70, -20.78, -20.62, -20.94, -21.54, -21.97, -22.44, -23.66, -25.77, -27.26, -27.26
2026-03-11, 20:46:34, 799245994, 802044716, 87460.06, 256, -28.21, -27.01, -25.80, -23.76, -22.66, -21.38, -21.70, -21.23, -21.21, -21.37, -21.14, -20.94, -21.51, -20.94, -20.86, -20.66, -20.73, -20.73, -21.24, -20.95, -21.64, -21.70, -21.42, -21.53, -21.68, -21.82, -21.95, -22.69, -22.83, -24.17, -25.85, -27.30, -27.30
2026-03-11, 20:46:34, 802044716, 804843438, 87460.06, 256, -27.32, -24.98, -25.84, -24.29, -23.46, -23.12, -21.56, -21.54, -22.22, -21.54, -21.73, -21.71, -21.81, -21.78, -21.20, -20.63, -21.56, -21.56, -21.33, -21.86, -21.82, -22.21, -22.12, -22.36, -22.17, -22.37, -22.04, -22.74, -22.91, -25.10, -25.57, -27.35, -27.35
2026-03-11, 20:46:34, 804843438, 807642160, 87460.06, 256, -29.01, -28.06, -26.49, -24.32, -23.76, -23.25, -22.48, -22.57, -21.95, -22.44, -22.18, -22.06, -23.10, -21.87, -21.30, -21.85, -20.79, -20.79, -15.80, -21.98, -22.69, -22.45, -22.72, -22.67, -22.51, -22.74, -23.29, -23.57, -23.70, -25.76, -27.06, -28.57, -28.57
2026-03-11, 20:46:34, 807642160, 810440882, 87460.06, 256, -29.47, -28.91, -26.89, -24.77, -23.69, -22.89, -22.71, -22.23, -21.79, -22.56, -22.46, -22.28, -21.84, -22.04, -21.98, -22.23, -22.16, -22.16, -21.86, -22.81, -22.72, -22.82, -22.69, -22.39, -23.12, -22.63, -22.27, -22.61, -24.15, -25.28, -26.64, -28.43, -28.43
2026-03-11, 20:46:34, 810440882, 813239604, 87460.06, 256, -29.55, -28.46, -27.17, -26.51, -24.40, -23.85, -23.22, -22.39, -22.83, -23.11, -22.86, -22.25, -22.74, -22.27, -22.59, -22.39, -22.66, -22.66, -21.40, -21.87, -22.41, -22.89, -23.74, -23.35, -23.45, -22.31, -22.38, -23.43, -23.65, -26.04, -27.80, -28.73, -28.73
2026-03-11, 20:46:34, 813239604, 816038326, 87460.06, 256, -29.27, -28.47, -26.92, -26.03, -24.53, -22.89, -22.66, -22.22, -22.63, -23.30, -23.49, -23.31, -22.36, -22.35, -21.98, -21.63, -21.39, -21.39, -21.84, -21.54, -23.08, -23.21, -23.07, -22.60, -22.97, -23.68, -24.17, -23.48, -24.22, -25.40, -26.92, -28.79, -28.79
2026-03-11, 20:46:34, 816038326, 818837048, 87460.06, 256, -29.76, -28.63, -26.87, -25.17, -23.62, -23.30, -22.78, -22.73, -22.66, -22.38, -22.92, -23.10, -22.57, -22.09, -22.41, -22.54, -22.28, -22.28, -23.07, -22.79, -22.16, -23.32, -23.38, -23.22, -23.42, -23.74, -23.83, -23.40, -25.04, -25.81, -26.89, -28.78, -28.78
2026-03-11, 20:46:34, 818837048, 821635770, 87460.06, 256, -29.97, -28.63, -27.40, -25.86, -24.28, -23.76, -24.04, -23.64, -23.37, -23.50, -23.38, -23.34, -23.91, -22.91, -23.75, -23.21, -22.92, -22.92, -23.54, -22.99, -23.30, -22.73, -18.25, -20.28, -22.69, -24.05, -23.89, -23.67, -24.93, -26.59, -27.92, -29.15, -29.15
2026-03-11, 20:46:34, 821635770, 824434492, 87460.06, 256, -30.30, -28.96, -27.40, -25.80, -24.87, -23.92, -23.69, -24.06, -22.81, -24.65, -23.80, -23.34, -23.23, -22.75, -23.35, -23.25, -22.58, -22.58, -22.43, -23.89, -22.95, -23.31, -23.23, -23.59, -23.64, -24.04, -23.61, -24.35, -25.03, -26.30, -27.96, -29.66, -29.66
2026-03-11, 20:46:34, 824434492, 827233214, 87460.06, 256, -30.62, -29.90, -28.01, -25.99, -25.48, -24.17, -24.38, -23.35, -23.54, -23.69, -23.41, -23.16, -24.10, -23.59, -23.12, -23.40, -22.88, -22.88, -23.98, -23.43, -23.97, -23.89, -24.26, -23.75, -23.91, -23.08, -23.95, -24.54, -25.02, -26.21, -27.61, -29.56, -29.56
2026-03-11, 20:46:34, 827233214, 830031936, 87460.06, 256, -30.08, -29.11, -27.94, -26.31, -25.15, -24.16, -23.64, -23.55, -23.47, -23.68, -23.95, -23.43, -23.45, -23.32, -23.07, -22.87, -23.07, -23.07, -22.72, -23.10, -23.64, -22.84, -22.95, -23.44, -23.42, -23.63, -23.90, -23.49, -24.80, -25.54, -27.40, -29.36, -29.36
2026-03-11, 20:46:34, 830031936, 832830658, 87460.06, 256, -29.42, -28.95, -26.79, -25.48, -24.42, -23.36, -22.60, -22.46, -22.14, -21.94, -21.76, -21.82, -21.58, -21.84, -20.90, -21.48, -20.73, -20.73, -21.21, -21.73, -21.18, -21.79, -21.77, -21.76, -22.01, -22.16, -22.05, -22.64, -23.91, -24.91, -26.64, -28.48, -28.48
2026-03-11, 20:46:34, 832830658, 835629380, 87460.06, 256, -29.58, -28.51, -27.23, -25.79, -24.95, -23.58, -23.24, -23.10, -23.46, -23.05, -23.08, -23.38, -23.00, -22.68, -22.25, -22.66, -22.46, -22.46, -22.60, -23.38, -22.96, -23.53, -22.88, -23.69, -23.46, -23.33, -23.56, -21.47, -24.13, -25.73, -26.92, -29.24, -29.24
2026-03-11, 20:46:34, 835629380, 838428102, 87460.06, 256, -30.02, -29.70, -27.96, -25.88, -25.43, -23.86, -24.16, -23.69, -23.48, -23.62, -23.75, -23.18, -23.34, -23.42, -23.11, -23.31, -23.01, -23.01, -22.90, -23.29, -23.12, -23.52, -23.99, -23.54, -23.80, -23.77, -23.45, -24.21, -25.69, -26.02, -27.80, -29.37, -29.37
2026-03-11, 20:46:34, 838428102, 841226824, 87460.06, 256, -30.09, -29.37, -28.06, -26.69, -24.93, -23.78, -23.86, -23.43, -23.58, -23.05, -23.26, -23.35, -22.98, -22.88, -23.00, -23.00, -22.90, -22.90, -19.00, -23.55, -23.12, -23.90, -23.93, -23.41, -23.89, -23.69, -24.32, -24.17, -25.08, -26.83, -28.26, -29.39, -29.39
2026-03-11, 20:46:34, 841226824, 844025546, 87460.06, 256, -30.74, -29.72, -28.02, -27.01, -24.95, -24.77, -24.82, -24.54, -23.97, -23.93, -24.02, -23.97, -24.41, -23.64, -23.25, -23.40, -24.31, -24.31, -23.93, -23.63, -24.32, -24.16, -24.85, -24.38, -24.25, -23.84, -24.85, -25.52, -26.04, -27.36, -29.00, -30.59, -30.59
2026-03-11, 20:46:34, 844025546, 846824268, 87460.06, 256, -31.99, -30.91, -28.88, -27.71, -26.79, -25.57, -25.13, -25.41, -24.65, -24.36, -25.45, -25.10, -25.78, -24.86, -25.12, -24.56, -24.93, -24.93, -25.14, -25.39, -26.04, -25.81, -26.02, -25.68, -25.51, -25.52, -25.87, -26.79, -26.97, -27.75, -29.81, -31.17, -31.17
2026-03-11, 20:46:34, 846824268, 849622990, 87460.06, 256, -29.36, -30.95, -30.17, -27.93, -26.81, -26.12, -25.38, -26.20, -25.51, -25.58, -25.56, -25.78, -25.63, -25.17, -25.81, -24.71, -25.59, -25.59, -25.34, -25.71, -25.45, -25.46, -25.53, -26.20, -26.04, -25.97, -25.78, -26.35, -27.48, -28.65, -29.66, -31.09, -31.09
2026-03-11, 20:46:34, 849622990, 852421712, 87460.06, 256, -29.97, -31.85, -30.25, -28.70, -25.33, -26.94, -26.67, -26.17, -25.93, -26.33, -26.05, -25.98, -26.40, -25.57, -25.61, -25.54, -25.42, -25.42, -25.51, -26.31, -25.96, -26.17, -26.70, -26.43, -26.54, -26.02, -26.48, -26.86, -27.51, -28.78, -30.63, -31.35, -31.35
2026-03-11, 20:46:34, 852421712, 855220434, 87460.06, 256, -33.32, -31.74, -30.85, -29.38, -28.10, -27.26, -26.70, -26.46, -26.30, -26.64, -26.74, -26.53, -26.61, -26.42, -26.23, -26.43, -26.41, -26.41, -26.64, -26.60, -26.84, -26.87, -26.54, -26.19, -26.80, -26.76, -26.84, -27.18, -28.29, -29.41, -30.59, -32.36, -32.36
2026-03-11, 20:46:34, 855220434, 858019156, 87460.06, 256, -32.58, -31.85, -30.93, -29.26, -27.78, -26.60, -27.03, -26.68, -26.46, -26.61, -26.47, -26.59, -25.92, -26.01, -25.85, -25.67, -25.96, -25.96, -25.35, -25.84, -25.99, -25.79, -26.03, -26.35, -26.31, -26.44, -26.43, -27.50, -27.39, -28.73, -30.30, -31.90, -31.90
2026-03-11, 20:46:34, 858019156, 860817878, 87460.06, 256, -32.34, -32.05, -30.41, -28.79, -27.87, -27.05, -26.67, -26.81, -25.92, -26.05, -26.54, -26.31, -26.62, -26.31, -26.44, -26.15, -26.22, -26.22, -26.40, -26.89, -27.07, -26.67, -27.37, -26.75, -27.06, -26.70, -27.25, -27.53, -27.95, -28.93, -30.69, -31.87, -31.87
2026-03-11, 20:46:34, 860817878, 863616600, 87460.06, 256, -33.00, -32.36, -30.55, -29.50, -27.76, -27.51, -26.57, -26.75, -26.71, -27.36, -27.12, -26.98, -26.77, -26.73, -26.76, -26.09, -26.27, -26.27, -25.92, -27.21, -26.70, -26.47, -26.71, -27.31, -27.44, -27.18, -27.45, -27.82, -28.48, -29.87, -31.19, -32.48, -32.48
2026-03-11, 20:46:34, 863616600, 866415322, 87460.06, 256, -33.07, -32.33, -30.10, -29.03, -22.70, -25.02, -26.58, -26.50, -26.83, -27.35, -26.96, -27.00, -26.95, -27.30, -26.71, -27.18, -26.97, -26.97, -27.26, -26.88, -27.15, -27.30, -27.24, -26.94, -27.33, -27.47, -27.48, -27.73, -28.62, -30.45, -30.98, -32.73, -32.73
2026-03-11, 20:46:34, 866415322, 869214044, 87460.06, 256, -33.57, -32.79, -31.17, -29.72, -28.81, -28.70, -27.62, -27.55, -26.95, -27.77, -27.57, -27.47, -27.22, -27.80, -26.89, -26.75, -26.93, -26.93, -27.07, -27.07, -27.59, -27.37, -27.37, -27.63, -27.44, -27.33, -27.49, -28.52, -28.53, -30.08, -31.40, -32.77, -32.77
2026-03-11, 20:46:34, 869214044, 872012766, 87460.06, 256, -33.61, -32.65, -31.53, -29.90, -28.34, -27.98, -28.03, -27.49, -26.83, -27.36, -27.89, -27.49, -27.34, -27.36, -27.49, -26.74, -27.06, -27.06, -27.23, -27.76, -27.85, -27.42, -27.79, -27.52, -27.21, -27.63, -28.33, -28.24, -29.13, -30.33, -31.89, -32.88, -32.88
2026-03-11, 20:46:34, 872012766, 874811488, 87460.06, 256, -24.89, -26.72, -27.88, -26.51, -25.78, -25.48, -25.22, -22.20, -14.99, -15.37, -15.67, -15.45, -15.73, -15.50, -14.91, -15.67, -15.00, -15.00, -14.89, -15.89, -16.29, -16.37, -16.85, -16.62, -17.46, -16.09, -16.19, -16.34, -15.50, -17.38, -19.61, -21.34, -21.34
2026-03-11, 20:46:34, 874811488, 877610210, 87460.06, 256, -24.55, -22.05, -20.64, -20.00, -18.00, -14.50, -14.32, -13.78, -13.65, -14.70, -15.14, -16.27, -15.61, -15.65, -14.91, -14.95, -17.77, -17.77, -20.76, -23.17, -23.73, -22.67, -21.96, -20.92, -20.60, -21.03, -19.71, -21.89, -25.67, -26.54, -27.68, -26.26, -26.26
2026-03-11, 20:46:34, 877610210, 880408932, 87460.06, 256, -24.51, -19.66, -22.82, -25.19, -24.10, -20.38, -18.39, -21.64, -23.86, -20.25, -24.65, -25.07, -24.93, -24.39, -23.09, -22.35, -22.79, -22.79, -22.78, -22.77, -22.04, -21.16, -17.88, -10.21, -2.95, -3.58, -13.09, -19.13, -21.57, -23.63, -24.67, -24.74, -24.74
2026-03-11, 20:46:34, 880408932, 883207654, 87460.06, 256, -13.79, -10.39, -8.60, -6.34, -5.37, -2.73, -4.30, -3.61, -2.33, -4.05, -2.88, -3.06, -4.95, -2.66, -0.89, -2.43, -2.50, -2.50, -3.68, -4.37, -4.73, -3.42, -4.72, -3.99, -2.20, -3.61, -4.71, -6.45, -7.13, -7.26, -8.36, -10.05, -10.05
2026-03-11, 20:46:34, 883207654, 886006376, 87460.06, 256, -3.95, -5.33, -5.44, -5.34, -3.81, -1.29, 2.75, 2.91, 3.27, 2.54, 3.96, 3.03, 2.95, 2.86, 3.53, 3.61, 3.73, 3.73, 3.59, 4.00, 3.55, 3.02, 4.17, 3.75, 4.02, 4.12, 3.94, 3.53, 2.65, 1.59, 0.10, -2.05, -2.05
2026-03-11, 20:46:34, 886006376, 888805098, 87460.06, 256, -4.70, -1.88, 1.03, 2.26, 2.68, -2.05, -3.85, -3.09, -3.27, -2.46, -3.37, -2.50, -4.24, -4.61, -1.62, -1.88, -2.47, -2.47, -2.51, -3.78, -3.22, -3.03, -4.36, -4.48, -3.18, -4.21, -5.00, -2.68, -3.11, -5.39, -6.79, -7.04, -7.04
2026-03-11, 20:46:34, 888805098, 891603820, 87460.06, 256, -13.51, -11.04, -6.85, -4.55, -4.73, -2.87, -1.33, -3.53, -12.61, -16.89, -19.20, -20.47, -20.90, -21.57, -21.59, -21.80, -20.68, -20.68, -20.91, -20.92, -20.50, -19.08, -19.16, -19.13, -17.91, -18.37, -19.60, -22.26, -22.73, -22.31, -20.09, -16.49, -16.49
2026-03-11, 20:46:34, 891603820, 894402542, 87460.06, 256, -33.24, -31.84, -31.59, -30.00, -28.14, -28.28, -27.53, -27.30, -27.35, -27.22, -27.29, -26.65, -26.84, -23.87, -19.52, -25.49, -26.85, -26.85, -26.58, -26.63, -27.16, -27.32, -27.17, -27.50, -26.99, -27.40, -26.75, -27.53, -28.68, -29.28, -31.01, -31.83, -31.83
2026-03-11, 20:46:34, 894402542, 897201264, 87460.06, 256, -32.01, -30.96, -31.22, -29.03, -28.18, -27.32, -27.16, -26.49, -27.03, -26.08, -27.65, -26.06, -26.36, -25.97, -26.55, -25.57, -25.98, -25.98, -25.73, -26.06, -26.48, -26.54, -26.83, -26.65, -26.37, -26.54, -26.32, -27.25, -27.25, -28.93, -30.24, -31.62, -31.62
2026-03-11, 20:46:34, 897201264, 899999986, 87460.06, 256, -32.60, -32.35, -31.23, -29.23, -28.64, -27.27, -27.22, -26.46, -26.39, -26.85, -26.18, -26.29, -25.97, -26.67, -25.83, -26.19, -25.74, -25.74, -26.15, -25.81, -26.30, -26.49, -26.13, -26.75, -26.37, -26.26, -26.91, -26.93, -27.77, -29.09, -30.17, -32.07, -32.07
