2026-03-11, 20:48:23, 315000000, 317765580, 21606.10, 256, -23.45, -23.02, -22.90, -22.33, -22.48, -21.79, -21.40, -20.18, -20.18, -20.25, -19.68, -19.14, -18.91, -18.47, -18.40, -18.23, -17.69, -17.46, -17.31, -16.90, -16.55, -16.23, -16.49, -16.02, -16.10, -16.00, -16.09, -15.67, -15.75, -15.42, -15.95, -15.80, -16.11, -15.77, -15.59, -15.63, -16.22, -16.26, -15.78, -16.77, -16.19, -15.93, -15.76, -16.15, -15.79, -15.77, -15.49, -16.03, -15.75, -15.84, -15.73, -15.24, -15.65, -15.29, -15.84, -14.79, -15.42, -15.54, -15.17, -15.78, -15.44, -15.07, -15.76, -15.31, -15.80, -15.80, -15.12, -15.77, -15.51, -15.38, -15.80, -15.85, -16.06, -15.95, -15.87, -15.69, -15.89, -15.54, -15.20, -14.64, -14.53, -13.37, -10.28, 0.65, -5.58, -11.51, -14.12, -14.34, -15.01, -15.35, -15.62, -15.96, -15.24, -16.17, -15.83, -15.41, -15.81, -15.66, -16.22, -15.30, -16.24, -16.20, -16.46, -15.97, -16.69, -15.79, -16.08, -16.55, -16.90, -16.36, -16.92, -17.53, -17.33, -17.37, -17.87, -18.94, -18.14, -18.19, -18.12, -19.27, -19.12, -20.52, -20.98, -21.77, -22.16, -22.67, -23.22, -23.06, -23.06
2026-03-11, 20:48:23, 317765581, 320531161, 21606.10, 256, -24.31, -24.10, -23.48, -23.75, -22.75, -23.05, -22.26, -22.00, -21.31, -20.49, -20.15, -19.52, -18.82, -18.51, -18.73, -18.07, -17.16, -17.43, -16.98, -17.09, -16.95, -16.35, -16.05, -15.74, -15.58, -15.18, -15.88, -14.97, -15.62, -15.22, -16.06, -16.39, -16.46, -16.40, -16.70, -16.96, -17.06, -16.88, -16.31, -17.27, -16.11, -16.80, -16.71, -17.31, -16.84, -16.46, -16.19, -16.81, -16.43, -16.47, -16.80, -16.32, -16.01, -16.14, -15.98, -16.12, -16.38, -15.92, -16.01, -15.60, -15.79, -16.31, -15.70, -15.94, -16.65, -16.65, -16.34, -16.16, -16.77, -16.74, -16.73, -16.69, -17.15, -16.33, -16.55, -16.31, -16.15, -16.87, -16.17, -15.78, -16.17, -16.71, -16.03, -16.15, -16.25, -17.08, -16.35, -17.09, -16.29, -16.58, -16.95, -16.62, -16.41, -16.66, -16.75, -16.48, -16.15, -16.67, -16.56, -16.24, -16.57, -16.06, -16.10, -15.89, -16.23, -17.06, -17.16, -17.34, -17.14, -17.93, -17.71, -18.37, -18.75, -18.76, -18.74, -19.20, -19.25, -19.74, -20.58, -20.02, -20.71, -21.83, -22.55, -22.44, -22.34, -23.62, -23.52, -23.96, -23.96
2026-03-11, 20:48:23, 320531162, 323296742, 21606.10, 256, -23.37, -23.60, -23.62, -23.38, -22.72, -22.31, -21.39, -20.65, -20.35, -18.83, -18.07, -17.88, -17.75, -17.59, -17.40, -17.64, -17.29, -17.84, -16.97, -16.82, -17.07, -17.62, -16.88, -17.45, -16.98, -17.01, -16.75, -16.66, -16.53, -16.84, -17.39, -17.03, -16.77, -16.78, -17.08, -17.28, -17.16, -16.87, -17.38, -16.77, -16.57, -16.78, -16.77, -16.81, -16.64, -16.79, -16.56, -16.51, -16.50, -16.26, -16.59, -16.49, -16.31, -16.47, -17.11, -16.26, -16.07, -16.55, -16.56, -16.19, -16.26, -16.27, -16.17, -15.73, -14.65, -14.65, -13.88, -14.95, -14.53, -15.07, -15.14, -16.09, -16.10, -16.32, -16.41, -15.86, -15.86, -15.61, -15.83, -15.96, -15.74, -16.03, -15.99, -15.22, -15.38, -15.43, -15.50, -15.60, -16.42, -15.71, -16.45, -16.58, -16.32, -16.43, -16.20, -16.40, -17.34, -16.76, -16.87, -16.55, -16.45, -16.73, -16.74, -16.95, -16.76, -16.62, -16.66, -16.58, -16.80, -17.21, -17.11, -17.86, -17.32, -17.40, -18.36, -18.15, -18.74, -18.94, -18.27, -19.29, -18.82, -18.85, -20.01, -20.61, -21.38, -22.11, -23.01, -22.87, -22.87
2026-03-11, 20:48:23, 323296743, 326062323, 21606.10, 256, -23.94, -23.29, -24.00, -22.92, -23.52, -22.70, -22.17, -21.69, -20.90, -21.09, -20.17, -20.25, -18.87, -18.48, -18.49, -18.62, -18.27, -17.83, -17.56, -17.39, -17.34, -16.85, -17.13, -16.55, -16.88, -16.88, -16.64, -16.40, -16.85, -16.45, -16.46, -15.62, -16.26, -15.75, -16.85, -16.82, -16.71, -16.78, -16.70, -16.37, -16.67, -17.06, -16.64, -16.78, -16.98, -16.68, -16.11, -16.69, -16.37, -16.47, -16.86, -16.26, -16.29, -16.46, -15.97, -15.64, -15.73, -15.83, -15.95, -15.67, -15.37, -15.21, -15.96, -16.38, -16.02, -16.02, -15.63, -15.85, -16.32, -15.44, -16.10, -15.56, -15.69, -15.74, -16.40, -16.74, -16.19, -16.03, -16.07, -16.21, -16.44, -16.00, -16.04, -16.36, -16.41, -16.59, -16.20, -16.35, -16.49, -16.87, -17.12, -16.32, -16.66, -16.85, -16.93, -16.36, -16.13, -16.30, -16.16, -16.95, -16.57, -16.21, -16.23, -16.18, -16.09, -16.52, -16.25, -15.95, -16.58, -16.44, -17.12, -17.39, -17.63, -17.82, -18.81, -18.34, -19.18, -19.77, -20.07, -20.27, -21.14, -21.23, -22.09, -22.39, -22.99, -22.67, -24.08, -23.77, -23.77
2026-03-11, 20:48:23, 326062324, 328827904, 21606.10, 256, -23.23, -23.77, -23.83, -23.38, -22.40, -22.44, -21.97, -21.63, -20.58, -20.62, -19.24, -19.18, -19.30, -17.99, -17.98, -16.45, -14.64, -16.77, -17.16, -17.11, -16.95, -16.87, -16.74, -16.91, -17.03, -16.85, -16.78, -16.87, -16.50, -16.64, -16.42, -16.29, -16.85, -16.47, -16.56, -16.16, -16.76, -17.06, -16.35, -16.89, -16.18, -16.23, -16.98, -16.32, -16.73, -16.48, -15.83, -15.94, -15.58, -14.83, -15.09, -15.69, -15.64, -15.65, -15.61, -15.37, -15.63, -15.57, -15.64, -15.43, -15.45, -15.88, -15.67, -15.72, -15.22, -15.22, -15.61, -15.27, -15.99, -15.38, -15.84, -15.88, -16.23, -15.96, -15.91, -15.82, -15.93, -15.98, -16.04, -16.58, -16.03, -15.72, -16.20, -15.04, -16.13, -16.27, -15.49, -14.89, -15.08, -15.64, -15.69, -15.94, -15.47, -15.65, -16.07, -15.89, -16.22, -16.14, -16.09, -16.32, -16.28, -16.84, -16.59, -16.36, -16.06, -16.62, -16.60, -17.05, -16.95, -17.07, -17.55, -17.55, -18.34, -18.26, -18.16, -18.68, -19.00, -19.73, -19.49, -20.52, -21.44, -20.43, -21.75, -22.23, -22.99, -23.04, -23.23, -23.19, -23.19
2026-03-11, 20:48:23, 328827905, 331593485, 21606.10, 256, -23.60, -23.76, -23.82, -23.16, -22.70, -22.23, -22.01, -21.14, -20.23, -20.55, -19.95, -19.42, -19.28, -18.47, -18.49, -18.01, -17.53, -17.91, -17.83, -17.41, -16.99, -16.39, -16.56, -16.66, -16.38, -16.60, -16.45, -16.82, -16.15, -16.27, -16.53, -16.29, -15.97, -15.81, -16.24, -15.99, -16.03, -16.23, -16.54, -16.82, -16.94, -16.14, -16.78, -16.52, -16.58, -16.43, -17.03, -15.72, -16.22, -16.03, -16.31, -15.85, -16.02, -15.89, -15.84, -16.55, -15.96, -15.76, -15.61, -16.00, -16.37, -15.56, -15.62, -16.15, -15.35, -15.35, -15.65, -15.70, -15.53, -15.67, -15.05, -15.22, -15.30, -15.44, -15.78, -15.90, -15.47, -15.40, -15.46, -16.09, -16.26, -16.09, -15.91, -16.36, -15.77, -16.14, -15.53, -15.88, -16.54, -15.97, -16.46, -16.10, -15.91, -15.71, -16.39, -15.90, -15.98, -15.64, -16.65, -15.91, -16.14, -16.45, -16.07, -16.15, -16.29, -16.30, -16.34, -16.15, -15.74, -16.28, -12.85, -16.54, -16.85, -17.38, -17.54, -18.36, -18.62, -19.12, -19.33, -19.74, -20.35, -21.01, -21.53, -22.03, -22.49, -22.86, -23.25, -23.58, -23.58
2026-03-11, 20:48:23, 331593486, 334359066, 21606.10, 256, -22.84, -22.58, -22.62, -22.16, -21.94, -21.28, -21.09, -20.77, -20.23, -19.99, -19.29, -19.34, -18.47, -17.44, -17.13, -16.78, -16.14, -16.14, -15.75, -15.99, -15.90, -16.17, -15.74, -15.74, -16.05, -15.44, -15.36, -15.42, -15.66, -15.94, -15.27, -15.67, -15.63, -15.19, -15.49, -15.88, -15.07, -15.60, -15.69, -15.80, -15.21, -15.48, -15.18, -15.22, -15.02, -15.34, -14.79, -15.10, -14.74, -14.64, -13.64, -13.45, -14.18, -13.11, -13.24, -13.54, -13.16, -13.74, -13.90, -14.10, -14.67, -13.75, -14.49, -13.90, -14.60, -14.60, -14.49, -14.33, -14.74, -14.60, -14.05, -14.54, -14.39, -14.89, -13.65, -14.51, -14.71, -14.53, -14.79, -14.36, -14.28, -14.64, -14.59, -13.89, -14.35, -14.54, -14.82, -13.85, -14.63, -13.90, -14.12, -13.74, -14.42, -14.11, -14.86, -14.22, -14.55, -14.28, -14.23, -14.71, -14.27, -14.99, -14.81, -15.02, -14.77, -15.08, -15.24, -15.11, -15.19, -15.95, -16.37, -15.27, -16.09, -16.57, -16.91, -17.26, -17.69, -18.06, -18.18, -18.98, -19.29, -19.52, -19.89, -20.78, -20.81, -21.33, -22.19, -22.13, -22.13
2026-03-11, 20:48:23, 334359067, 337124647, 21606.10, 256, -21.31, -21.17, -21.42, -20.79, -20.68, -20.34, -20.23, -19.84, -17.69, -18.55, -18.73, -17.77, -17.73, -17.42, -17.00, -16.57, -16.23, -15.83, -15.32, -15.00, -14.97, -14.91, -14.61, -14.85, -14.63, -14.45, -14.21, -14.02, -14.05, -14.11, -13.89, -14.06, -13.79, -13.55, -13.98, -13.56, -14.03, -13.65, -13.54, -14.01, -13.42, -14.46, -14.41, -14.29, -13.99, -14.28, -14.37, -14.44, -14.01, -14.81, -14.24, -14.05, -13.78, -14.06, -13.70, -13.89, -13.80, -13.85, -13.45, -13.55, -13.10, -13.48, -13.67, -13.36, -13.48, -13.48, -13.27, -13.28, -13.39, -13.03, -13.02, -13.35, -12.86, -13.37, -13.08, -12.51, -7.68, -13.61, -13.60, -13.73, -13.98, -13.97, -13.66, -13.80, -14.01, -14.06, -14.01, -14.56, -13.88, -14.50, -14.33, -14.06, -13.39, -14.28, -13.60, -13.87, -13.76, -13.63, -13.90, -14.07, -14.01, -14.42, -13.82, -14.16, -13.87, -13.82, -14.28, -14.53, -14.10, -14.31, -14.24, -14.61, -15.27, -15.14, -15.56, -16.21, -16.26, -17.07, -17.54, -17.69, -17.74, -18.69, -19.07, -19.93, -20.66, -20.30, -21.36, -21.35, -21.35
2026-03-11, 20:48:23, 337124648, 339890228, 21606.10, 256, -20.09, -20.00, -20.21, -19.80, -20.15, -19.50, -18.64, -18.30, -17.96, -17.62, -16.85, -16.15, -15.99, -15.88, -15.41, -14.70, -14.27, -14.04, -13.68, -13.40, -13.15, -13.17, -13.12, -12.96, -12.65, -12.70, -12.73, -13.07, -12.59, -13.49, -13.75, -13.32, -13.07, -13.19, -13.03, -12.88, -13.08, -13.37, -12.65, -12.85, -12.97, -13.59, -13.27, -13.05, -13.15, -13.03, -13.20, -12.93, -13.25, -12.31, -12.17, -11.83, -11.67, -11.20, -11.08, -11.09, -11.25, -10.31, -11.24, -11.14, -11.36, -11.85, -11.72, -11.58, -12.21, -12.21, -11.92, -12.75, -12.24, -13.27, -12.19, -12.54, -12.52, -12.14, -12.73, -12.30, -12.79, -12.64, -12.19, -12.74, -12.26, -12.75, -12.75, -12.64, -13.01, -12.69, -12.90, -12.83, -13.08, -12.47, -11.47, -12.32, -12.03, -11.85, -12.60, -12.18, -12.12, -12.96, -12.90, -12.24, -13.04, -12.17, -12.61, -12.54, -12.95, -13.01, -12.66, -13.37, -13.12, -13.10, -13.54, -13.62, -14.07, -14.08, -14.81, -15.10, -15.44, -15.77, -16.32, -16.38, -17.27, -17.20, -17.93, -18.23, -18.83, -19.65, -19.76, -19.50, -19.50
2026-03-11, 20:48:23, 339890229, 342655809, 21606.10, 256, -20.86, -21.03, -20.71, -19.36, -19.22, -18.88, -18.43, -17.71, -16.97, -16.74, -16.41, -16.15, -15.49, -15.46, -14.93, -14.57, -14.38, -14.08, -13.87, -13.88, -13.88, -13.33, -13.27, -13.51, -13.42, -13.01, -13.25, -13.02, -13.03, -13.23, -13.23, -13.06, -12.48, -13.27, -13.29, -12.77, -13.26, -12.16, -12.99, -12.64, -12.89, -12.17, -12.38, -13.04, -12.51, -12.71, -13.13, -13.31, -13.39, -13.24, -12.97, -13.23, -12.67, -12.60, -12.47, -12.89, -12.71, -12.67, -13.45, -12.54, -12.34, -12.76, -12.59, -12.58, -12.42, -12.42, -13.04, -12.80, -12.62, -12.91, -12.65, -12.81, -12.93, -12.53, -13.08, -12.73, -13.53, -13.04, -12.92, -13.17, -13.20, -13.47, -12.93, -13.21, -13.60, -13.37, -14.10, -14.13, -13.79, -13.82, -13.36, -14.04, -13.94, -13.14, -13.71, -13.52, -13.55, -13.83, -13.13, -14.04, -13.29, -13.73, -14.10, -13.62, -13.93, -13.89, -13.80, -14.28, -14.25, -14.67, -14.54, -14.52, -15.27, -15.06, -15.87, -15.63, -15.94, -16.51, -17.77, -18.08, -18.47, -19.19, -19.23, -20.25, -19.78, -20.46, -20.96, -20.96, -20.96
2026-03-11, 20:48:23, 342655810, 345421390, 21606.10, 256, -22.59, -22.02, -21.10, -21.76, -20.49, -20.20, -20.25, -19.98, -18.70, -18.48, -18.35, -17.79, -17.31, -16.65, -16.75, -16.21, -16.69, -15.79, -15.78, -14.84, -15.13, -15.06, -14.87, -13.71, -13.54, -13.56, -13.97, -14.42, -14.43, -14.32, -14.98, -15.13, -14.68, -15.11, -14.95, -15.33, -15.21, -14.83, -14.75, -15.52, -14.82, -15.13, -15.41, -14.73, -15.26, -15.12, -15.39, -14.96, -15.42, -15.27, -15.15, -15.32, -15.57, -14.74, -14.59, -15.60, -14.57, -14.57, -14.92, -14.34, -14.33, -14.47, -14.53, -14.58, -14.73, -14.73, -14.73, -15.03, -14.73, -14.66, -15.17, -15.10, -15.23, -14.85, -15.34, -15.27, -15.80, -15.25, -15.63, -15.48, -15.55, -15.04, -15.55, -15.78, -15.61, -15.52, -15.85, -15.60, -15.85, -16.07, -15.77, -15.90, -15.58, -15.62, -15.50, -15.46, -15.67, -15.49, -15.28, -15.52, -15.24, -15.90, -15.71, -16.18, -15.74, -15.73, -16.30, -15.93, -16.70, -16.45, -16.28, -16.58, -17.27, -18.02, -17.74, -17.78, -18.59, -18.85, -19.03, -19.92, -20.24, -20.33, -21.00, -21.36, -22.06, -21.96, -22.43, -21.93, -21.93
2026-03-11, 20:48:23, 345421391, 348186971, 21606.10, 256, -22.20, -22.41, -22.04, -21.63, -20.49, -19.02, -18.13, -17.73, -15.34, -17.02, -17.29, -17.91, -17.81, -17.54, -17.44, -16.53, -16.52, -16.86, -16.65, -16.27, -16.06, -15.73, -16.27, -15.64, -15.63, -15.96, -15.65, -15.60, -15.75, -15.56, -15.58, -15.27, -16.00, -16.28, -15.30, -15.94, -15.96, -15.58, -15.68, -14.92, -14.65, -14.27, -13.92, -13.58, -13.91, -14.36, -14.10, -15.00, -15.39, -15.26, -14.73, -15.45, -15.64, -15.82, -15.26, -16.07, -14.93, -15.33, -14.96, -15.52, -15.63, -15.72, -15.60, -15.70, -14.71, -14.71, -15.48, -15.36, -15.35, -15.31, -15.40, -15.49, -15.57, -15.42, -15.40, -15.10, -15.21, -14.79, -14.34, -14.13, -13.75, -14.05, -14.59, -14.40, -14.68, -15.79, -15.98, -15.86, -15.85, -15.72, -16.19, -16.10, -16.55, -16.05, -16.12, -16.88, -16.27, -16.04, -16.49, -16.07, -15.81, -15.66, -16.04, -15.79, -16.47, -16.27, -16.12, -16.15, -16.18, -16.76, -17.00, -16.58, -16.78, -16.87, -16.54, -17.07, -16.69, -16.53, -17.19, -17.61, -18.35, -19.28, -20.06, -21.05, -21.93, -22.02, -22.54, -22.69, -22.69
2026-03-11, 20:48:23, 348186972, 350952552, 21606.10, 256, -24.61, -24.74, -23.50, -23.70, -23.83, -23.15, -22.14, -21.91, -21.11, -20.98, -20.37, -19.98, -19.38, -18.90, -19.36, -18.60, -18.28, -18.31, -17.76, -17.46, -17.63, -17.59, -17.19, -17.19, -16.80, -16.82, -17.14, -17.43, -17.14, -17.36, -17.26, -16.87, -17.26, -17.01, -16.92, -17.23, -17.27, -17.15, -17.35, -17.15, -17.53, -17.07, -17.43, -17.18, -17.18, -17.40, -17.34, -17.04, -16.89, -17.43, -16.82, -16.97, -17.11, -16.33, -16.93, -16.99, -16.59, -16.62, -16.98, -16.47, -16.71, -16.75, -16.42, -16.63, -17.00, -17.00, -16.95, -16.95, -16.95, -16.72, -17.13, -16.86, -16.71, -17.15, -17.62, -17.13, -16.81, -17.55, -17.48, -17.24, -17.98, -17.74, -17.49, -17.75, -17.78, -17.39, -17.67, -17.82, -17.57, -17.68, -17.88, -17.75, -17.76, -17.98, -17.73, -17.38, -17.45, -16.77, -16.51, -17.24, -16.85, -16.88, -17.46, -17.57, -17.53, -17.82, -16.91, -16.92, -17.66, -18.11, -18.02, -18.57, -19.10, -18.97, -18.98, -19.62, -20.88, -20.44, -21.59, -22.27, -22.62, -22.34, -23.58, -23.57, -23.69, -24.35, -24.45, -24.68, -24.68
2026-03-11, 20:48:23, 350952553, 353718133, 21606.10, 256, -25.20, -25.19, -24.14, -24.03, -23.08, -22.86, -22.98, -21.22, -20.20, -20.22, -20.12, -20.10, -19.88, -19.76, -19.32, -19.24, -18.62, -19.03, -18.46, -18.42, -18.16, -18.13, -18.53, -18.48, -17.91, -18.19, -18.76, -18.46, -18.09, -17.99, -18.58, -18.56, -18.19, -18.19, -18.48, -18.02, -17.65, -17.72, -18.20, -17.56, -16.93, -16.91, -16.92, -17.25, -16.87, -17.82, -17.39, -17.13, -17.56, -17.44, -17.80, -17.53, -17.38, -17.24, -17.52, -17.79, -17.61, -18.15, -17.81, -17.52, -17.79, -17.46, -17.96, -18.07, -17.71, -17.71, -17.38, -17.79, -18.04, -17.27, -17.25, -17.34, -17.49, -17.32, -17.30, -17.15, -17.04, -16.44, -15.98, -16.64, -17.09, -15.20, -15.96, -15.79, -16.42, -16.07, -16.59, -16.56, -16.94, -17.23, -16.76, -17.12, -17.15, -17.08, -16.99, -16.75, -17.20, -18.08, -17.35, -17.39, -17.64, -18.08, -17.68, -18.13, -17.71, -17.96, -18.40, -18.35, -18.61, -19.27, -18.36, -19.03, -20.13, -19.36, -19.67, -18.74, -19.92, -20.64, -19.59, -21.21, -21.10, -21.58, -22.10, -22.95, -23.93, -24.33, -25.16, -24.75, -24.75
2026-03-11, 20:48:23, 353718134, 356483714, 21606.10, 256, -26.87, -26.66, -25.81, -25.43, -25.61, -24.80, -24.54, -23.48, -22.28, -22.93, -22.67, -21.70, -22.05, -21.77, -21.48, -21.07, -21.01, -20.83, -20.16, -20.25, -19.67, -19.93, -19.92, -19.44, -18.57, -18.32, -17.83, -17.29, -17.48, -17.65, -17.81, -17.53, -17.49, -17.89, -18.67, -18.72, -19.03, -19.56, -19.43, -18.72, -19.35, -19.31, -18.90, -19.49, -19.85, -18.97, -18.35, -19.77, -19.95, -19.68, -19.24, -19.93, -19.30, -19.87, -19.34, -19.20, -18.83, -18.77, -18.74, -17.88, -17.83, -17.99, -16.87, -15.87, -15.19, -15.19, -15.67, -14.47, -11.81, -10.89, -15.51, -16.99, -17.57, -17.77, -18.19, -19.22, -18.25, -18.39, -19.02, -19.23, -19.79, -19.36, -18.99, -18.63, -19.15, -19.32, -18.95, -18.90, -19.36, -19.56, -19.14, -19.55, -19.05, -19.42, -19.01, -19.29, -19.35, -18.89, -18.55, -17.77, -17.59, -17.53, -17.48, -17.47, -17.72, -17.00, -18.54, -19.26, -18.92, -19.40, -20.36, -20.54, -20.91, -20.97, -21.47, -21.73, -22.27, -23.38, -23.02, -23.76, -24.28, -24.30, -25.03, -25.60, -25.01, -26.12, -26.35, -26.64, -26.64
2026-03-11, 20:48:23, 356483715, 359249295, 21606.10, 256, -25.81, -26.36, -25.54, -25.65, -24.51, -25.06, -23.79, -23.01, -19.22, -22.47, -22.38, -22.25, -21.16, -20.15, -20.65, -20.65, -20.27, -19.69, -20.10, -20.78, -19.87, -20.40, -19.92, -19.58, -20.22, -18.95, -19.53, -19.87, -20.11, -18.81, -19.39, -19.75, -18.84, -19.83, -19.40, -20.09, -19.05, -19.39, -19.17, -19.06, -19.69, -19.37, -19.61, -19.51, -18.89, -19.26, -19.36, -18.74, -18.74, -18.26, -17.72, -18.41, -18.46, -18.48, -18.04, -18.77, -18.49, -18.73, -18.52, -18.29, -17.92, -16.77, -18.38, -18.41, -18.86, -18.86, -18.21, -18.19, -17.86, -17.72, -18.38, -18.08, -18.71, -18.36, -19.14, -19.06, -18.74, -19.19, -19.41, -19.23, -18.62, -18.75, -18.59, -18.35, -18.18, -18.10, -17.87, -17.14, -17.62, -17.99, -18.69, -18.47, -18.34, -18.92, -18.52, -18.86, -18.59, -19.15, -19.14, -19.03, -19.44, -19.18, -19.38, -19.49, -19.54, -19.64, -19.52, -20.55, -20.05, -20.83, -20.83, -21.26, -21.14, -20.81, -21.93, -22.07, -22.72, -22.83, -23.33, -22.58, -23.52, -24.20, -24.19, -24.62, -25.18, -25.37, -25.45, -26.43, -26.43
2026-03-11, 20:48:23, 359249296, 362014876, 21606.10, 256, -26.83, -27.02, -26.54, -26.16, -25.68, -25.80, -25.19, -23.89, -24.24, -24.02, -23.76, -22.23, -22.87, -22.76, -22.35, -21.66, -21.76, -21.02, -21.22, -20.30, -20.72, -20.16, -19.43, -19.88, -19.93, -19.17, -18.38, -18.49, -17.92, -17.37, -16.38, -15.13, -14.71, -14.98, -9.95, -14.67, -16.10, -17.11, -17.49, -18.50, -18.95, -19.40, -18.63, -19.69, -18.89, -19.98, -19.43, -19.82, -19.57, -19.34, -19.72, -19.39, -19.53, -19.13, -19.38, -19.00, -18.43, -18.38, -18.30, -17.60, -18.44, -17.92, -17.50, -17.28, -16.31, -16.31, -15.77, -14.47, -13.90, -13.10, -13.00, -13.83, -14.84, -15.32, -15.84, -17.29, -17.23, -17.92, -18.47, -18.79, -19.11, -18.91, -19.67, -19.17, -19.70, -19.80, -20.31, -20.06, -19.93, -19.99, -19.92, -20.00, -20.41, -20.29, -20.06, -19.17, -19.79, -19.92, -20.17, -19.55, -19.34, -20.10, -19.25, -19.80, -18.84, -18.27, -18.53, -18.31, -18.74, -19.25, -19.31, -19.71, -20.28, -20.68, -21.95, -22.17, -22.98, -23.25, -23.55, -24.00, -24.78, -25.40, -25.27, -26.39, -25.79, -26.56, -26.69, -26.47, -26.47
2026-03-11, 20:48:23, 362014877, 364780457, 21606.10, 256, -27.33, -22.28, -27.72, -27.29, -26.49, -27.30, -26.59, -26.54, -24.35, -25.60, -25.15, -24.25, -23.06, -23.12, -22.18, -22.08, -20.31, -19.69, -20.25, -20.43, -20.14, -19.98, -20.21, -19.71, -20.76, -20.56, -20.80, -21.03, -20.69, -20.99, -20.95, -20.93, -20.95, -20.87, -20.80, -20.78, -21.34, -21.13, -21.51, -21.02, -21.17, -20.89, -20.95, -20.66, -21.44, -20.18, -20.05, -20.73, -20.36, -20.48, -20.24, -20.64, -19.14, -18.20, -17.64, -18.72, -18.52, -18.91, -18.90, -19.63, -19.15, -16.62, -19.91, -20.21, -21.23, -21.23, -20.73, -21.32, -21.28, -20.73, -21.19, -21.56, -21.56, -21.07, -21.75, -21.29, -21.08, -21.90, -21.55, -22.14, -21.77, -21.96, -21.81, -22.08, -21.64, -21.88, -21.48, -21.51, -21.22, -21.14, -21.11, -19.96, -20.63, -20.45, -20.68, -20.83, -20.94, -20.84, -21.35, -21.29, -21.19, -20.97, -20.85, -20.95, -21.01, -21.18, -21.27, -21.57, -22.51, -22.17, -22.22, -23.47, -22.89, -23.45, -23.24, -23.86, -23.99, -24.69, -25.05, -25.37, -26.17, -25.75, -26.72, -26.67, -27.49, -27.55, -27.92, -28.08, -28.08
2026-03-11, 20:48:23, 364780458, 367546038, 21606.10, 256, -27.55, -20.66, -27.61, -27.05, -26.81, -27.09, -26.39, -25.17, -25.57, -24.62, -24.22, -23.92, -23.97, -23.37, -23.03, -22.83, -22.43, -22.32, -21.98, -21.79, -21.32, -20.92, -21.02, -21.32, -20.75, -20.50, -20.16, -19.99, -20.49, -19.56, -18.44, -18.68, -17.34, -16.58, -16.42, -16.10, -16.42, -16.04, -17.23, -17.39, -18.39, -19.51, -19.63, -20.30, -20.39, -20.27, -20.38, -19.84, -20.48, -20.93, -20.68, -20.91, -20.54, -20.56, -20.28, -20.33, -20.87, -20.27, -20.48, -20.51, -20.27, -20.66, -20.16, -20.05, -20.29, -20.29, -19.03, -18.55, -18.89, -17.59, -17.15, -16.49, -16.08, -16.61, -16.15, -17.71, -18.04, -18.70, -20.09, -19.81, -20.48, -20.56, -20.96, -20.67, -20.55, -20.82, -20.89, -21.28, -20.55, -20.66, -20.50, -20.26, -20.93, -20.73, -20.99, -21.26, -21.08, -20.36, -20.65, -21.47, -21.27, -20.69, -21.01, -21.13, -20.64, -20.45, -19.97, -19.28, -20.17, -19.70, -20.43, -20.63, -20.88, -20.80, -22.43, -22.67, -23.64, -23.61, -24.21, -24.98, -25.37, -25.68, -25.97, -27.04, -27.14, -27.81, -27.35, -27.87, -27.87
2026-03-11, 20:48:23, 367546039, 370311619, 21606.10, 256, -26.77, -26.69, -27.18, -27.07, -27.14, -27.34, -26.61, -25.95, -25.09, -25.11, -25.05, -23.94, -23.35, -21.69, -21.23, -20.70, -18.58, -17.52, -17.51, -16.26, -16.70, -18.20, -19.78, -19.80, -20.21, -19.82, -20.14, -20.32, -20.68, -21.02, -21.33, -21.03, -22.10, -21.39, -20.68, -21.20, -21.54, -20.80, -21.51, -21.18, -21.19, -20.75, -21.42, -21.34, -21.29, -21.34, -20.98, -21.04, -21.55, -21.07, -20.04, -19.49, -19.84, -17.35, -17.32, -17.72, -17.10, -17.12, -17.94, -19.45, -19.59, -17.96, -20.35, -20.89, -20.43, -20.43, -20.71, -20.99, -20.65, -20.92, -21.78, -21.17, -21.39, -20.74, -21.37, -21.06, -20.83, -21.17, -21.07, -21.70, -21.12, -21.58, -21.36, -21.59, -22.15, -22.20, -21.82, -20.94, -21.33, -20.46, -19.81, -19.13, -19.21, -18.64, -18.83, -20.04, -20.34, -21.08, -20.97, -21.32, -21.45, -21.49, -21.98, -21.74, -21.97, -21.83, -21.62, -22.56, -22.57, -22.90, -23.27, -22.79, -23.19, -22.86, -23.27, -23.75, -23.92, -24.31, -25.31, -25.44, -25.52, -26.08, -26.70, -26.97, -27.46, -26.78, -27.30, -26.74, -26.74
2026-03-11, 20:48:23, 370311620, 373077200, 21606.10, 256, -27.66, -27.48, -26.82, -26.68, -26.30, -26.10, -25.74, -25.64, -25.53, -24.94, -25.06, -24.01, -23.74, -22.86, -23.69, -23.57, -22.20, -22.47, -22.12, -22.06, -22.19, -22.16, -21.48, -21.87, -21.56, -21.62, -21.11, -22.01, -21.35, -21.82, -20.53, -20.52, -20.64, -19.71, -19.61, -19.23, -18.11, -18.39, -18.50, -18.69, -18.80, -19.48, -20.06, -20.74, -21.14, -21.16, -21.03, -21.22, -21.67, -21.20, -21.21, -21.37, -21.61, -21.12, -20.54, -21.03, -21.28, -21.67, -21.13, -21.38, -20.80, -21.39, -20.94, -21.12, -20.91, -20.91, -21.63, -20.41, -20.47, -20.64, -20.50, -20.23, -19.99, -19.63, -19.56, -19.25, -19.90, -20.00, -19.53, -20.26, -21.77, -21.73, -20.71, -21.54, -20.94, -21.16, -21.76, -21.23, -21.52, -22.15, -21.75, -21.50, -21.48, -22.17, -21.76, -21.76, -21.58, -21.34, -21.50, -21.31, -21.60, -21.82, -21.77, -21.50, -20.62, -20.61, -21.58, -20.06, -20.35, -19.68, -19.31, -19.75, -20.04, -20.49, -20.43, -21.67, -22.29, -22.95, -24.22, -23.92, -25.36, -25.60, -25.58, -26.85, -26.62, -27.64, -28.03, -28.03, -28.03
2026-03-11, 20:48:23, 373077201, 375842781, 21606.10, 256, -28.51, -28.21, -27.74, -28.05, -27.09, -27.51, -26.93, -26.66, -26.40, -25.75, -25.16, -24.54, -25.04, -23.66, -23.17, -23.49, -21.53, -21.91, -20.75, -19.60, -17.94, -16.94, -16.92, -17.28, -18.74, -19.47, -19.75, -20.03, -20.74, -20.81, -21.53, -21.77, -21.71, -21.64, -22.35, -22.49, -21.93, -21.80, -22.05, -22.10, -22.34, -22.06, -22.59, -21.91, -22.01, -22.57, -22.89, -21.92, -22.24, -21.54, -21.68, -21.23, -20.74, -19.77, -20.12, -19.72, -18.64, -17.60, -16.63, -16.56, -14.65, -3.04, -12.44, -16.67, -19.71, -19.71, -19.87, -20.27, -21.22, -20.79, -21.30, -21.28, -21.97, -21.62, -21.87, -21.98, -22.32, -21.89, -22.21, -22.20, -21.87, -21.87, -22.11, -22.07, -21.39, -21.86, -21.59, -21.16, -16.74, -20.91, -20.78, -21.21, -19.88, -18.97, -16.80, -16.48, -16.78, -17.26, -19.06, -18.60, -19.31, -19.90, -20.76, -20.83, -21.56, -21.38, -21.47, -21.57, -22.30, -22.14, -22.28, -23.02, -23.45, -22.93, -23.83, -24.05, -24.93, -24.45, -25.08, -25.50, -26.48, -26.52, -27.15, -27.54, -27.76, -28.31, -28.33, -27.62, -27.62
2026-03-11, 20:48:23, 375842782, 378608362, 21606.10, 256, -28.15, -27.98, -25.73, -25.20, -25.75, -24.65, -23.91, -24.02, -24.93, -24.90, -24.03, -24.18, -23.45, -23.42, -23.35, -23.12, -22.87, -22.32, -22.57, -22.49, -22.93, -21.87, -22.20, -21.96, -22.25, -22.11, -22.40, -21.87, -21.66, -22.20, -22.36, -22.02, -21.96, -22.22, -22.07, -21.39, -21.84, -21.67, -21.92, -21.36, -20.61, -22.11, -21.03, -21.42, -21.67, -21.47, -22.22, -22.10, -22.10, -21.95, -22.24, -22.09, -21.60, -21.93, -21.80, -22.35, -21.72, -22.33, -21.77, -22.15, -21.50, -21.56, -22.25, -21.97, -21.15, -21.15, -21.81, -21.42, -21.65, -21.21, -21.48, -21.48, -21.17, -21.15, -21.57, -21.79, -21.43, -20.98, -20.82, -21.31, -21.25, -21.51, -21.33, -22.29, -21.60, -22.75, -22.51, -22.42, -21.90, -22.10, -22.06, -22.02, -21.71, -21.92, -21.89, -21.51, -21.87, -21.58, -22.14, -21.98, -22.24, -21.88, -22.05, -21.95, -22.02, -21.95, -22.07, -22.08, -22.77, -21.97, -22.19, -22.13, -21.89, -21.63, -21.37, -21.99, -22.91, -23.20, -23.75, -25.03, -25.95, -25.98, -27.19, -27.35, -27.65, -27.90, -29.07, -28.50, -28.50
2026-03-11, 20:48:23, 378608363, 381373943, 21606.10, 256, -29.51, -28.98, -28.87, -28.90, -28.08, -28.08, -27.54, -27.19, -26.69, -26.65, -25.77, -25.25, -25.75, -25.14, -24.02, -23.94, -23.80, -23.18, -22.71, -22.81, -22.03, -21.96, -21.46, -21.61, -21.51, -20.90, -20.54, -20.47, -20.35, -21.40, -21.70, -22.35, -21.54, -22.35, -22.45, -22.07, -22.37, -22.56, -22.46, -22.86, -22.92, -22.10, -22.46, -22.99, -22.25, -22.19, -22.12, -22.87, -22.68, -21.93, -22.22, -22.25, -21.38, -21.42, -21.46, -21.44, -20.59, -20.91, -20.91, -20.77, -20.12, -19.09, -19.74, -19.21, -19.28, -19.28, -19.93, -20.35, -21.17, -20.93, -21.10, -21.42, -21.80, -21.63, -21.82, -21.71, -21.86, -21.87, -21.41, -22.07, -22.54, -21.20, -22.02, -21.89, -21.69, -22.29, -22.26, -22.34, -22.39, -22.32, -22.47, -21.82, -20.75, -21.02, -20.88, -21.35, -20.79, -20.19, -20.27, -19.83, -19.47, -19.67, -19.32, -20.70, -20.79, -22.04, -21.83, -22.25, -22.80, -23.51, -23.33, -23.76, -23.54, -24.40, -24.76, -24.65, -25.35, -26.18, -26.10, -26.92, -27.41, -27.56, -28.33, -28.90, -28.93, -29.41, -29.25, -30.13, -30.13
2026-03-11, 20:48:23, 381373944, 384139524, 21606.10, 256, -30.05, -29.83, -29.41, -29.00, -28.11, -27.87, -26.70, -26.15, -24.83, -24.34, -24.72, -24.04, -24.19, -23.44, -24.34, -23.74, -23.91, -23.40, -24.00, -24.00, -23.42, -23.81, -23.58, -23.45, -23.30, -23.32, -22.56, -22.97, -23.08, -22.68, -22.55, -22.87, -22.88, -22.84, -22.45, -23.50, -22.58, -22.87, -22.27, -22.79, -22.33, -21.91, -21.54, -21.58, -21.20, -20.28, -21.17, -21.10, -20.87, -21.80, -21.67, -22.37, -22.92, -22.84, -23.02, -22.89, -22.87, -22.38, -22.96, -22.84, -22.58, -22.95, -22.55, -21.98, -22.66, -22.66, -21.70, -22.24, -22.89, -21.84, -22.07, -22.39, -22.08, -21.66, -21.99, -21.91, -22.06, -21.29, -21.37, -21.48, -20.58, -19.95, -19.75, -19.54, -20.20, -20.20, -21.10, -20.54, -22.33, -22.51, -22.58, -23.18, -22.95, -23.40, -23.19, -23.62, -23.42, -23.41, -23.69, -23.45, -22.76, -23.48, -23.82, -23.49, -23.84, -23.69, -23.51, -24.13, -23.61, -24.18, -23.72, -23.63, -24.27, -24.47, -24.83, -24.20, -24.94, -25.47, -24.83, -24.94, -24.94, -23.59, -23.50, -27.96, -27.91, -28.78, -29.34, -30.16, -30.16
2026-03-11, 20:48:23, 384139525, 386905105, 21606.10, 256, -30.60, -30.44, -31.04, -30.17, -29.67, -29.11, -28.74, -28.06, -28.43, -27.92, -27.20, -27.27, -26.95, -25.84, -26.00, -26.24, -25.30, -25.15, -24.89, -25.17, -24.02, -24.56, -24.34, -24.27, -23.58, -23.30, -23.02, -22.33, -23.01, -23.07, -22.56, -23.64, -23.60, -23.66, -23.44, -23.46, -24.15, -23.91, -23.24, -23.69, -23.40, -24.16, -22.98, -23.58, -23.77, -23.23, -23.95, -23.91, -23.68, -23.77, -23.03, -22.98, -23.40, -23.41, -22.90, -23.14, -22.78, -22.75, -22.43, -22.23, -22.16, -19.85, -21.33, -21.02, -20.47, -20.47, -21.23, -20.87, -22.00, -21.89, -21.95, -22.90, -22.53, -22.86, -22.74, -21.91, -22.58, -22.83, -22.66, -22.37, -23.30, -22.93, -22.51, -22.68, -22.16, -22.27, -21.97, -22.13, -22.56, -22.97, -23.58, -23.37, -23.17, -24.10, -22.53, -22.71, -23.13, -22.95, -22.30, -21.85, -20.72, -20.67, -21.23, -21.43, -21.48, -22.38, -23.41, -22.94, -23.73, -23.70, -24.11, -24.24, -24.23, -24.84, -23.81, -25.59, -23.84, -26.39, -27.18, -27.55, -27.92, -28.13, -28.72, -29.48, -29.80, -30.34, -31.04, -30.63, -30.63
2026-03-11, 20:48:23, 386905106, 389670686, 21606.10, 256, -30.96, -31.64, -31.55, -30.91, -30.82, -29.90, -29.35, -28.42, -27.70, -27.55, -26.69, -26.28, -26.00, -24.83, -24.68, -25.07, -25.55, -24.37, -24.93, -25.13, -24.81, -24.42, -24.14, -24.87, -24.58, -24.54, -23.84, -24.47, -24.10, -24.70, -24.62, -24.37, -24.17, -23.90, -24.15, -24.10, -24.37, -24.41, -24.61, -24.09, -24.64, -23.78, -23.24, -22.87, -22.30, -21.82, -22.02, -21.94, -21.63, -21.45, -21.22, -21.00, -22.04, -23.02, -22.60, -23.32, -22.79, -23.40, -23.43, -23.28, -23.55, -23.52, -23.17, -23.34, -23.09, -23.09, -24.18, -23.24, -24.33, -23.87, -23.89, -23.27, -23.77, -23.77, -24.46, -24.41, -23.57, -24.19, -23.85, -23.77, -22.89, -23.04, -22.70, -22.37, -21.52, -21.84, -20.58, -17.66, -11.74, -20.87, -22.97, -23.07, -23.53, -23.72, -24.07, -23.91, -23.67, -23.64, -24.04, -23.90, -23.86, -24.24, -23.49, -24.74, -24.56, -23.99, -24.63, -25.62, -24.53, -25.47, -25.61, -24.88, -25.68, -25.82, -26.74, -26.53, -26.80, -27.17, -26.80, -27.58, -27.44, -28.14, -29.00, -29.11, -29.84, -30.34, -30.71, -31.64, -31.64
2026-03-11, 20:48:23, 389670687, 392436267, 21606.10, 256, -30.26, -30.72, -30.24, -30.78, -30.05, -30.05, -29.17, -28.83, -28.27, -27.70, -27.28, -26.73, -26.56, -26.27, -25.68, -25.55, -25.55, -25.01, -24.69, -24.47, -24.40, -24.13, -24.30, -23.55, -23.05, -22.74, -23.61, -23.15, -22.55, -21.64, -21.26, -20.97, -21.18, -21.64, -21.65, -22.56, -22.56, -22.59, -23.09, -23.66, -23.53, -23.68, -23.96, -23.07, -23.78, -24.07, -23.98, -23.40, -23.41, -23.16, -23.94, -23.22, -23.51, -23.41, -24.09, -22.87, -23.21, -23.19, -23.36, -23.26, -22.84, -21.38, -22.50, -22.70, -22.16, -22.16, -21.19, -21.19, -20.86, -20.89, -21.66, -21.24, -21.38, -22.27, -21.90, -22.45, -22.97, -22.64, -23.37, -22.83, -23.42, -23.17, -23.34, -23.84, -23.26, -23.37, -23.94, -23.69, -23.25, -23.47, -23.47, -23.31, -23.41, -23.76, -23.59, -23.22, -23.57, -23.48, -23.64, -23.64, -23.17, -23.32, -23.04, -22.88, -22.72, -22.70, -22.62, -22.63, -23.03, -24.18, -24.32, -24.67, -24.36, -25.08, -23.43, -25.60, -26.25, -26.43, -26.39, -27.66, -27.67, -28.11, -28.51, -28.80, -29.22, -29.57, -30.16, -30.25, -30.25
2026-03-11, 20:48:23, 392436268, 395201848, 21606.10, 256, -30.63, -30.37, -30.88, -30.79, -29.88, -29.53, -28.99, -29.29, -27.69, -27.22, -26.31, -24.64, -25.11, -25.38, -24.41, -24.70, -23.81, -23.98, -23.41, -24.49, -23.77, -23.57, -24.35, -23.44, -24.00, -24.13, -23.97, -24.44, -23.52, -23.96, -23.69, -23.93, -23.72, -23.43, -24.10, -23.31, -23.23, -21.57, -23.81, -23.09, -23.88, -23.69, -23.46, -23.81, -23.82, -22.69, -22.59, -22.11, -20.35, -20.87, -22.17, -21.52, -22.10, -21.16, -15.16, -22.15, -22.63, -22.60, -22.45, -23.16, -22.53, -23.04, -23.02, -23.39, -22.96, -22.96, -23.64, -23.44, -23.19, -23.19, -23.07, -23.55, -23.82, -22.94, -23.52, -23.03, -23.17, -23.34, -23.74, -24.09, -23.48, -23.58, -23.14, -23.49, -23.07, -21.73, -22.61, -23.32, -22.61, -22.92, -22.44, -23.27, -23.22, -23.80, -23.72, -23.71, -23.27, -23.43, -24.01, -23.48, -23.74, -24.47, -23.81, -23.96, -23.97, -23.75, -23.98, -24.14, -24.74, -24.75, -25.37, -25.01, -25.24, -25.52, -25.59, -26.26, -26.74, -26.09, -27.47, -27.05, -27.76, -27.47, -27.40, -28.24, -28.96, -29.10, -30.95, -30.23, -30.23
2026-03-11, 20:48:23, 395201849, 397967429, 21606.10, 256, -29.65, -30.20, -29.71, -29.74, -29.09, -29.04, -29.18, -28.51, -27.57, -27.91, -27.08, -26.51, -26.29, -26.39, -25.81, -25.35, -24.76, -24.43, -24.72, -24.29, -23.65, -23.99, -24.22, -23.37, -23.53, -23.48, -23.76, -22.89, -23.13, -22.79, -22.06, -21.90, -21.63, -21.41, -21.30, -21.99, -21.74, -21.61, -22.54, -22.97, -23.72, -23.37, -23.06, -24.25, -23.47, -24.03, -23.58, -23.11, -23.32, -22.82, -23.21, -23.27, -23.30, -23.49, -23.33, -22.86, -23.29, -22.93, -22.80, -22.80, -22.85, -22.56, -22.97, -22.55, -22.46, -22.46, -22.59, -22.38, -23.03, -22.51, -22.84, -22.53, -22.26, -22.55, -22.93, -22.88, -23.42, -23.31, -23.21, -23.63, -23.23, -23.70, -23.49, -23.51, -23.92, -23.36, -23.51, -23.64, -23.40, -23.71, -23.27, -23.50, -23.05, -23.61, -23.01, -23.57, -23.39, -23.31, -23.02, -23.20, -22.96, -23.08, -22.61, -23.29, -22.55, -22.63, -22.43, -22.47, -23.18, -23.71, -24.12, -23.81, -24.42, -25.47, -23.82, -25.25, -25.30, -25.96, -26.70, -26.86, -27.26, -27.71, -28.19, -28.10, -29.07, -29.79, -29.66, -30.11, -30.11
2026-03-11, 20:48:23, 397967430, 400733010, 21606.10, 256, -29.67, -30.78, -29.96, -29.36, -29.58, -28.78, -28.35, -28.72, -28.01, -27.38, -26.86, -26.38, -25.73, -25.29, -24.20, -23.76, -23.59, -22.91, -23.50, -23.65, -22.75, -23.07, -23.44, -23.15, -23.26, -23.11, -23.20, -22.62, -23.17, -23.53, -23.78, -23.53, -23.74, -23.45, -23.09, -23.33, -24.04, -23.42, -23.44, -23.41, -23.61, -23.13, -22.91, -22.91, -23.44, -22.82, -23.24, -22.92, -23.24, -22.72, -22.60, -22.56, -21.84, -21.81, -21.84, -21.93, -20.85, -21.60, -21.71, -22.33, -22.22, -22.13, -22.36, -22.69, -22.55, -22.55, -22.83, -23.50, -22.45, -22.92, -22.53, -22.95, -22.34, -22.56, -23.23, -22.79, -21.27, -21.58, -22.62, -22.82, -22.89, -23.31, -23.18, -22.94, -23.06, -22.35, -22.77, -22.73, -22.28, -22.04, -22.17, -22.25, -22.01, -19.08, -22.05, -22.13, -22.68, -20.38, -22.22, -23.19, -22.98, -22.70, -22.56, -22.85, -22.72, -22.97, -22.85, -23.09, -22.72, -23.29, -23.25, -23.88, -23.65, -24.32, -24.72, -25.00, -25.42, -25.45, -25.33, -26.45, -26.50, -27.86, -27.62, -28.12, -28.14, -29.10, -28.55, -29.78, -29.78
2026-03-11, 20:48:23, 400733011, 403498591, 21606.10, 256, -27.90, -28.13, -28.65, -26.74, -26.93, -27.73, -27.41, -26.65, -22.16, -25.20, -24.91, -25.14, -24.66, -24.23, -24.25, -23.99, -23.46, -21.32, -22.46, -22.51, -22.26, -22.84, -21.95, -22.14, -21.78, -22.22, -21.34, -21.73, -21.66, -22.03, -21.46, -21.27, -21.02, -21.40, -21.14, -20.95, -20.92, -20.97, -20.66, -21.07, -20.81, -21.64, -21.50, -21.32, -21.71, -21.84, -22.12, -22.03, -21.77, -21.49, -21.63, -21.76, -21.48, -21.53, -22.00, -21.71, -21.30, -21.02, -21.35, -20.84, -21.04, -20.91, -21.36, -21.32, -21.21, -21.21, -21.55, -20.91, -20.54, -20.69, -21.06, -20.71, -20.76, -20.98, -20.44, -20.88, -20.49, -20.38, -20.57, -21.28, -20.69, -21.72, -21.42, -21.61, -22.46, -21.75, -21.50, -21.58, -21.34, -21.81, -21.84, -21.80, -21.47, -20.99, -21.43, -21.60, -21.01, -21.45, -21.72, -21.34, -21.77, -21.41, -21.68, -21.78, -21.07, -21.55, -21.57, -21.56, -20.84, -21.37, -21.31, -21.01, -20.62, -20.17, -7.11, -18.71, -22.44, -23.20, -24.55, -24.61, -25.43, -25.93, -26.38, -26.66, -27.67, -27.89, -27.76, -28.23, -28.23
2026-03-11, 20:48:23, 403498592, 406264172, 21606.10, 256, -27.50, -27.42, -27.73, -27.75, -27.25, -26.98, -26.57, -25.86, -24.99, -25.01, -24.51, -24.23, -23.67, -23.73, -22.57, -22.70, -22.26, -21.80, -21.11, -21.20, -21.02, -20.82, -20.36, -20.64, -20.71, -20.78, -20.84, -20.90, -21.14, -20.95, -20.47, -21.26, -21.59, -21.61, -20.98, -20.88, -21.02, -20.98, -21.01, -21.20, -21.31, -21.16, -21.22, -20.95, -21.57, -20.66, -20.83, -21.09, -20.71, -21.17, -20.76, -20.66, -21.03, -19.97, -20.24, -19.88, -19.86, -19.92, -19.96, -20.27, -20.28, -20.02, -20.59, -19.63, -20.19, -20.19, -20.12, -20.34, -20.26, -20.15, -20.26, -20.33, -20.54, -20.74, -20.73, -21.02, -20.60, -20.54, -19.96, -20.60, -20.68, -20.96, -20.67, -20.33, -20.46, -19.82, -20.55, -20.33, -20.09, -21.08, -19.74, -19.78, -19.19, -19.30, -19.12, -19.96, -19.95, -20.36, -19.38, -20.20, -20.56, -20.04, -19.97, -20.45, -20.38, -20.67, -20.79, -21.02, -20.73, -21.09, -21.23, -21.52, -21.14, -22.24, -22.54, -22.64, -23.20, -24.01, -23.83, -24.41, -25.09, -24.93, -25.88, -26.43, -26.86, -26.62, -27.39, -27.35, -27.35
2026-03-11, 20:48:23, 406264173, 409029753, 21606.10, 256, -27.35, -27.51, -27.57, -26.94, -26.60, -25.65, -25.85, -25.15, -24.36, -24.55, -23.73, -23.10, -22.76, -22.92, -22.53, -22.40, -21.76, -21.61, -21.47, -21.63, -21.26, -21.18, -21.08, -20.89, -20.85, -20.92, -20.30, -20.46, -20.60, -20.95, -20.60, -20.01, -19.56, -20.59, -20.10, -21.01, -20.34, -20.14, -20.86, -20.44, -20.02, -20.11, -20.11, -20.00, -19.84, -20.13, -19.89, -20.05, -20.11, -20.07, -20.28, -19.59, -20.43, -19.86, -20.42, -20.01, -19.74, -19.46, -20.49, -20.18, -20.05, -19.47, -19.64, -19.45, -19.28, -19.28, -19.78, -19.77, -19.28, -19.40, -19.60, -19.40, -19.55, -19.21, -19.01, -19.40, -19.35, -19.32, -19.91, -18.17, -19.05, -19.94, -19.57, -19.65, -20.09, -20.44, -20.11, -20.34, -20.09, -19.86, -19.96, -20.19, -19.66, -20.15, -20.30, -20.38, -19.85, -20.25, -19.27, -20.08, -19.84, -19.78, -19.87, -20.18, -19.68, -20.19, -20.41, -19.85, -20.48, -20.69, -20.97, -20.93, -21.14, -21.11, -21.06, -21.99, -22.41, -22.53, -23.49, -23.62, -24.46, -24.35, -25.34, -25.21, -26.35, -26.72, -27.31, -27.06, -27.06
2026-03-11, 20:48:23, 409029754, 411795334, 21606.10, 256, -27.13, -26.57, -26.71, -26.47, -26.22, -25.86, -25.00, -25.37, -24.15, -23.87, -23.34, -22.92, -22.54, -22.29, -21.63, -21.25, -21.14, -21.62, -20.86, -20.83, -20.07, -20.82, -20.44, -20.28, -19.90, -19.93, -19.25, -19.30, -19.37, -19.94, -19.46, -19.60, -19.89, -19.35, -19.55, -19.93, -19.91, -19.43, -20.00, -19.63, -19.58, -19.92, -19.39, -20.72, -19.25, -19.89, -19.38, -19.23, -19.34, -19.21, -19.01, -19.18, -19.66, -19.25, -19.11, -18.93, -19.19, -18.83, -19.25, -19.23, -18.49, -19.06, -18.94, -18.56, -18.70, -18.70, -18.26, -18.62, -18.83, -18.93, -18.88, -18.92, -19.46, -19.04, -19.41, -19.13, -19.47, -18.88, -18.86, -19.49, -19.89, -19.13, -19.22, -19.00, -19.46, -19.46, -19.26, -19.62, -19.50, -19.42, -19.53, -19.43, -19.12, -19.25, -19.18, -19.12, -19.27, -19.62, -19.47, -18.88, -19.22, -19.22, -19.13, -19.36, -19.47, -19.54, -19.65, -19.43, -20.06, -19.57, -20.04, -20.53, -20.51, -20.66, -21.21, -20.88, -22.56, -22.44, -22.68, -23.56, -24.06, -23.97, -24.60, -25.02, -25.17, -26.01, -26.39, -26.66, -26.66
2026-03-11, 20:48:23, 411795335, 414560915, 21606.10, 256, -25.52, -25.96, -25.68, -25.25, -24.83, -24.66, -24.21, -23.36, -23.08, -22.86, -22.28, -21.75, -21.43, -21.73, -21.03, -20.39, -19.86, -20.23, -20.37, -19.53, -19.63, -19.19, -19.16, -19.06, -18.83, -18.94, -18.76, -19.18, -18.98, -18.87, -18.55, -18.76, -19.18, -18.89, -19.28, -19.44, -18.87, -18.64, -18.83, -19.02, -18.09, -18.76, -18.11, -17.66, -17.77, -18.70, -16.63, -16.98, -17.92, -18.04, -18.54, -17.96, -18.52, -18.00, -18.63, -18.24, -18.42, -18.27, -18.39, -18.25, -17.73, -17.70, -17.79, -18.06, -17.78, -17.78, -17.91, -17.77, -17.65, -18.54, -18.10, -18.06, -17.98, -17.85, -17.83, -17.82, -17.83, -17.26, -17.70, -17.59, -17.14, -17.29, -17.52, -17.89, -18.31, -17.77, -18.34, -18.28, -18.46, -18.15, -18.54, -18.33, -18.37, -17.31, -16.34, -18.39, -17.94, -18.40, -18.64, -18.47, -18.15, -18.51, -17.91, -18.49, -18.52, -18.39, -18.81, -18.73, -18.81, -18.72, -19.18, -18.85, -19.45, -19.66, -18.13, -19.75, -21.03, -20.63, -21.60, -21.98, -22.22, -22.53, -23.25, -23.99, -25.25, -25.20, -25.71, -25.51, -25.51
2026-03-11, 20:48:23, 414560916, 417326496, 21606.10, 256, -25.46, -25.78, -25.24, -24.69, -24.64, -24.62, -23.93, -24.05, -22.74, -22.22, -22.64, -21.55, -21.24, -21.07, -20.14, -19.87, -19.74, -19.77, -19.09, -19.13, -19.12, -18.88, -18.56, -18.19, -18.99, -18.29, -18.08, -18.04, -17.76, -18.44, -18.71, -18.11, -18.17, -18.33, -18.62, -18.62, -18.47, -18.62, -18.39, -17.84, -18.33, -18.63, -18.03, -18.12, -18.23, -18.00, -18.31, -18.88, -18.48, -18.10, -18.45, -17.80, -17.74, -17.62, -17.81, -18.02, -17.43, -17.92, -17.66, -17.74, -17.48, -17.70, -16.95, -17.13, -17.22, -17.22, -17.05, -17.76, -17.03, -17.68, -17.92, -17.34, -17.74, -17.66, -18.16, -17.86, -17.83, -17.98, -17.76, -17.84, -17.82, -18.17, -18.22, -18.06, -18.29, -17.92, -18.46, -18.09, -18.35, -18.59, -18.56, -18.24, -17.89, -18.17, -17.56, -18.35, -16.47, -17.75, -17.92, -17.36, -18.33, -17.72, -18.04, -18.40, -17.98, -18.38, -18.21, -18.97, -18.26, -18.83, -19.16, -19.63, -19.36, -20.22, -20.03, -20.34, -20.64, -20.81, -21.97, -21.71, -22.56, -22.94, -23.78, -24.27, -24.60, -25.11, -25.65, -25.69, -25.69
2026-03-11, 20:48:23, 417326497, 420092077, 21606.10, 256, -24.92, -24.72, -24.92, -24.51, -23.87, -23.79, -23.34, -22.63, -21.54, -21.47, -20.04, -19.32, -15.75, -10.98, -17.59, -19.35, -19.02, -19.01, -18.26, -18.56, -18.10, -18.38, -15.86, -17.78, -17.86, -18.31, -17.46, -17.98, -17.84, -17.39, -18.09, -17.93, -17.67, -17.44, -17.58, -17.80, -17.61, -18.21, -17.70, -18.26, -18.12, -17.65, -17.82, -17.58, -17.70, -17.68, -17.23, -17.10, -17.13, -16.99, -17.45, -17.13, -17.26, -17.26, -16.88, -17.78, -17.11, -17.29, -16.99, -17.00, -17.52, -16.79, -16.70, -16.97, -16.89, -16.89, -18.06, -17.18, -17.39, -16.65, -17.45, -17.03, -17.47, -17.97, -17.59, -17.49, -17.44, -17.67, -17.39, -17.20, -17.30, -17.21, -17.52, -17.14, -17.07, -17.45, -16.85, -17.16, -17.22, -17.40, -17.68, -17.57, -17.71, -18.04, -18.13, -18.32, -17.78, -17.48, -17.27, -17.92, -17.77, -17.41, -17.64, -18.32, -18.03, -17.95, -17.50, -17.73, -19.33, -18.41, -18.20, -18.99, -18.91, -19.40, -19.49, -20.23, -20.56, -20.77, -20.54, -21.05, -21.69, -21.88, -22.31, -21.57, -22.43, -23.65, -24.43, -24.64, -24.64
2026-03-11, 20:48:23, 420092078, 422857658, 21606.10, 256, -24.95, -25.26, -25.07, -25.27, -24.23, -23.84, -23.40, -22.98, -22.70, -22.16, -21.56, -21.70, -21.05, -20.25, -19.89, -20.09, -19.41, -18.94, -18.75, -18.96, -18.99, -18.60, -18.97, -18.68, -18.36, -18.21, -17.76, -18.06, -17.72, -17.33, -17.05, -17.07, -17.41, -17.60, -17.74, -17.81, -18.02, -18.14, -18.18, -16.15, -18.10, -18.06, -18.61, -18.70, -17.96, -18.11, -18.01, -18.37, -17.82, -17.80, -17.72, -17.80, -18.19, -18.11, -17.57, -17.83, -17.62, -17.85, -17.63, -17.41, -17.26, -17.26, -17.24, -17.24, -16.93, -16.93, -16.95, -16.58, -16.17, -16.79, -16.55, -17.16, -16.96, -17.36, -17.30, -17.76, -17.55, -18.10, -18.23, -18.45, -17.76, -17.74, -18.22, -18.10, -18.23, -18.62, -18.06, -18.20, -18.15, -18.30, -18.70, -18.78, -17.98, -18.24, -18.42, -18.07, -18.35, -17.90, -17.82, -17.80, -17.68, -17.78, -18.06, -17.80, -17.90, -17.47, -17.89, -16.42, -18.27, -18.46, -18.52, -19.86, -19.56, -19.65, -20.75, -20.31, -20.64, -21.35, -21.83, -22.10, -22.65, -23.43, -23.55, -23.93, -23.74, -25.15, -25.54, -25.32, -25.32
2026-03-11, 20:48:23, 422857659, 425623239, 21606.10, 256, -25.60, -25.62, -26.03, -25.23, -24.82, -24.46, -23.94, -23.14, -22.86, -22.16, -21.65, -20.98, -21.17, -20.69, -19.91, -20.25, -19.63, -18.98, -19.18, -19.28, -19.02, -18.95, -19.05, -19.12, -19.23, -18.62, -18.66, -19.13, -19.04, -18.41, -18.80, -18.56, -18.71, -18.14, -18.99, -18.57, -19.17, -19.05, -18.34, -18.73, -19.34, -18.93, -18.59, -18.32, -19.01, -19.04, -18.98, -18.15, -18.16, -17.97, -18.09, -18.19, -17.89, -17.76, -18.12, -18.33, -18.02, -18.53, -18.18, -17.84, -18.23, -17.90, -18.37, -17.99, -17.71, -17.71, -17.76, -18.06, -17.99, -17.95, -18.56, -18.58, -18.05, -18.10, -18.45, -18.33, -18.11, -18.71, -18.47, -18.72, -18.80, -18.76, -18.91, -18.41, -18.84, -18.84, -18.69, -18.56, -18.87, -18.64, -18.38, -19.07, -18.91, -18.98, -19.12, -19.17, -18.98, -18.94, -19.04, -19.14, -19.10, -19.39, -19.74, -19.10, -18.57, -19.32, -19.44, -18.93, -19.64, -19.67, -19.84, -20.45, -20.21, -20.88, -20.23, -20.89, -21.52, -21.94, -22.22, -22.88, -23.78, -24.03, -24.11, -24.30, -25.23, -25.23, -26.05, -25.98, -25.98
2026-03-11, 20:48:23, 425623240, 428388820, 21606.10, 256, -26.93, -26.72, -26.65, -26.12, -25.38, -25.02, -25.39, -25.11, -24.27, -23.74, -23.11, -22.28, -22.31, -22.13, -21.57, -21.30, -20.85, -21.01, -20.48, -20.32, -20.07, -19.88, -19.90, -20.08, -20.15, -19.78, -19.85, -19.59, -19.66, -19.10, -19.03, -18.81, -19.12, -19.15, -18.01, -18.73, -18.43, -18.77, -18.88, -17.36, -19.52, -19.42, -19.91, -19.73, -19.78, -19.37, -19.55, -19.98, -19.73, -19.81, -19.41, -20.04, -20.48, -19.27, -19.95, -19.37, -19.70, -19.50, -19.49, -19.39, -19.16, -19.32, -19.57, -18.93, -19.27, -19.27, -18.91, -18.73, -18.59, -18.59, -18.58, -18.69, -18.88, -18.73, -18.93, -19.56, -20.07, -19.14, -19.56, -19.91, -19.90, -20.09, -20.01, -19.77, -20.41, -19.98, -20.02, -19.95, -20.01, -20.15, -20.09, -20.10, -19.36, -19.74, -19.91, -19.62, -19.42, -20.07, -19.78, -19.50, -20.22, -20.11, -20.08, -19.91, -19.58, -19.61, -19.53, -19.09, -19.69, -19.73, -20.08, -20.53, -20.91, -21.23, -22.03, -21.84, -22.94, -23.15, -23.37, -23.83, -24.68, -24.77, -25.46, -26.26, -25.75, -26.27, -26.51, -26.64, -26.64
2026-03-11, 20:48:23, 428388821, 431154401, 21606.10, 256, -28.08, -27.57, -27.01, -26.84, -26.83, -26.55, -25.39, -25.54, -24.50, -23.65, -23.69, -23.34, -22.94, -23.06, -22.12, -22.03, -21.44, -21.40, -21.05, -20.92, -20.45, -21.05, -20.05, -20.35, -20.36, -20.27, -21.07, -20.27, -20.39, -20.67, -20.30, -20.59, -20.15, -20.15, -21.00, -20.29, -20.61, -20.11, -20.78, -20.69, -20.61, -20.67, -20.94, -20.60, -20.55, -20.69, -20.81, -20.17, -20.26, -19.99, -20.67, -20.17, -20.16, -20.09, -19.56, -19.74, -20.03, -20.37, -19.70, -19.59, -20.00, -19.71, -19.75, -20.22, -20.14, -20.14, -19.60, -19.65, -20.03, -20.51, -19.78, -20.43, -19.81, -19.91, -19.78, -20.76, -19.96, -20.51, -20.20, -20.27, -20.27, -20.40, -20.23, -20.32, -21.01, -21.41, -21.18, -20.63, -20.80, -20.35, -20.64, -20.50, -20.98, -20.86, -20.73, -20.23, -20.73, -20.64, -20.58, -20.79, -20.58, -20.44, -20.61, -20.87, -20.58, -20.43, -20.50, -20.89, -21.81, -21.02, -21.85, -21.94, -22.55, -22.54, -22.50, -23.31, -23.37, -23.83, -24.20, -24.54, -24.77, -25.67, -25.49, -26.43, -26.72, -27.00, -26.99, -27.36, -27.36
2026-03-11, 20:48:23, 431154402, 433919982, 21606.10, 256, -28.28, -27.94, -26.98, -27.36, -26.78, -26.13, -26.15, -25.10, -24.98, -24.54, -24.38, -23.96, -23.61, -22.98, -22.84, -22.42, -22.14, -22.39, -22.30, -22.04, -21.19, -21.69, -20.94, -21.25, -21.04, -20.34, -20.55, -20.86, -20.40, -21.08, -20.90, -20.28, -20.35, -20.56, -20.63, -20.79, -20.16, -19.97, -17.87, -8.65, -19.19, -20.38, -20.16, -20.52, -20.66, -20.64, -20.66, -20.44, -20.59, -20.27, -21.02, -20.42, -21.30, -21.21, -20.30, -20.48, -21.10, -20.48, -20.67, -20.51, -20.53, -19.95, -20.52, -19.93, -20.09, -20.09, -20.38, -20.21, -19.76, -20.11, -20.27, -19.80, -20.31, -20.46, -20.28, -20.16, -19.94, -20.04, -19.88, -20.53, -20.55, -20.74, -20.85, -21.37, -21.38, -20.97, -21.63, -21.13, -20.81, -21.25, -21.62, -21.14, -21.03, -21.13, -21.20, -21.15, -20.80, -20.89, -20.55, -20.75, -20.81, -20.89, -21.21, -21.24, -21.22, -20.57, -21.27, -21.34, -21.28, -21.67, -22.24, -21.89, -21.95, -21.91, -22.67, -22.99, -23.65, -24.44, -24.33, -24.37, -25.32, -25.52, -26.42, -26.47, -26.68, -27.12, -27.40, -27.72, -27.72
